date,day_type,hour,station,station_index,passengers,delay_minutes,avg_speed_kmh,crowding_level,on_time
2026-03-30,workday,6,临平,0,378,0.52,38.7,0.095,True
2026-03-30,workday,6,南苑,1,505,0.56,36.2,0.126,True
2026-03-30,workday,6,余杭高铁站,2,449,0.51,38.3,0.112,True
2026-03-30,workday,6,乔司,3,417,0.65,40.5,0.104,True
2026-03-30,workday,6,翁梅,4,498,0.63,37.4,0.124,True
2026-03-30,workday,6,客运中心,5,367,0.65,40.9,0.092,True
2026-03-30,workday,6,火车东站,6,726,0.61,39.2,0.132,True
2026-03-30,workday,6,闸弄口,7,181,0.44,40.2,0.045,True
2026-03-30,workday,6,打铁关,8,531,0.53,39.0,0.133,True
2026-03-30,workday,6,西湖文化广场,9,597,0.85,36.5,0.149,True
2026-03-30,workday,6,凤起路,10,565,0.16,34.4,0.141,True
2026-03-30,workday,6,龙翔桥,11,548,0.33,39.7,0.137,True
2026-03-30,workday,6,定安路,12,499,0.23,39.8,0.125,True
2026-03-30,workday,6,城站,13,449,0.56,38.6,0.082,True
2026-03-30,workday,7,临平,0,2306,2.13,34.0,0.577,False
2026-03-30,workday,7,南苑,1,2341,2.1,33.7,0.585,False
2026-03-30,workday,7,余杭高铁站,2,2195,1.6,32.7,0.549,True
2026-03-30,workday,7,乔司,3,2364,1.84,36.4,0.591,True
2026-03-30,workday,7,翁梅,4,2166,1.47,34.7,0.541,True
2026-03-30,workday,7,客运中心,5,3189,2.57,31.7,0.797,False
2026-03-30,workday,7,火车东站,6,4334,3.07,28.4,0.788,False
2026-03-30,workday,7,闸弄口,7,2209,2.11,31.2,0.552,False
2026-03-30,workday,7,打铁关,8,2294,1.95,32.6,0.574,True
2026-03-30,workday,7,西湖文化广场,9,3313,2.66,33.5,0.828,False
2026-03-30,workday,7,凤起路,10,2839,2.02,30.6,0.71,False
2026-03-30,workday,7,龙翔桥,11,3537,2.91,28.5,0.884,False
2026-03-30,workday,7,定安路,12,2278,2.09,32.1,0.57,False
2026-03-30,workday,7,城站,13,3389,1.98,31.0,0.616,True
2026-03-30,workday,8,临平,0,4914,3.57,29.8,1.0,False
2026-03-30,workday,8,南苑,1,4997,3.58,28.3,1.0,False
2026-03-30,workday,8,余杭高铁站,2,5162,3.87,28.4,1.0,False
2026-03-30,workday,8,乔司,3,4848,3.68,28.6,1.0,False
2026-03-30,workday,8,翁梅,4,5184,3.6,30.9,1.0,False
2026-03-30,workday,8,客运中心,5,6446,4.85,28.2,1.0,False
2026-03-30,workday,8,火车东站,6,8922,5.51,27.8,1.0,False
2026-03-30,workday,8,闸弄口,7,5213,3.87,29.0,1.0,False
2026-03-30,workday,8,打铁关,8,4643,3.5,28.8,1.0,False
2026-03-30,workday,8,西湖文化广场,9,6917,4.46,28.0,1.0,False
2026-03-30,workday,8,凤起路,10,6258,3.94,27.4,1.0,False
2026-03-30,workday,8,龙翔桥,11,8204,5.29,27.5,1.0,False
2026-03-30,workday,8,定安路,12,5014,3.14,28.3,1.0,False
2026-03-30,workday,8,城站,13,7318,5.16,28.0,1.0,False
2026-03-30,workday,9,临平,0,2631,1.11,34.2,0.658,True
2026-03-30,workday,9,南苑,1,2093,0.88,34.2,0.523,True
2026-03-30,workday,9,余杭高铁站,2,2551,0.51,33.8,0.638,True
2026-03-30,workday,9,乔司,3,2377,1.44,33.9,0.594,True
2026-03-30,workday,9,翁梅,4,2296,0.8,31.2,0.574,True
2026-03-30,workday,9,客运中心,5,3005,1.04,34.0,0.751,True
2026-03-30,workday,9,火车东站,6,4028,1.4,28.9,0.732,True
2026-03-30,workday,9,闸弄口,7,2229,1.02,34.6,0.557,True
2026-03-30,workday,9,打铁关,8,2506,0.99,30.8,0.626,True
2026-03-30,workday,9,西湖文化广场,9,3273,1.31,30.9,0.818,True
2026-03-30,workday,9,凤起路,10,2641,1.37,32.2,0.66,True
2026-03-30,workday,9,龙翔桥,11,3767,1.64,29.6,0.942,True
2026-03-30,workday,9,定安路,12,2332,1.61,33.4,0.583,True
2026-03-30,workday,9,城站,13,3389,1.21,34.8,0.616,True
2026-03-30,workday,10,临平,0,417,0.74,40.5,0.104,True
2026-03-30,workday,10,南苑,1,323,0.05,39.5,0.081,True
2026-03-30,workday,10,余杭高铁站,2,434,0.4,40.0,0.108,True
2026-03-30,workday,10,乔司,3,491,0.3,39.3,0.123,True
2026-03-30,workday,10,翁梅,4,370,0.13,39.6,0.092,True
2026-03-30,workday,10,客运中心,5,513,0.38,39.2,0.128,True
2026-03-30,workday,10,火车东站,6,793,0.49,38.9,0.144,True
2026-03-30,workday,10,闸弄口,7,552,0.4,38.9,0.138,True
2026-03-30,workday,10,打铁关,8,400,1.26,36.0,0.1,True
2026-03-30,workday,10,西湖文化广场,9,664,0.54,37.9,0.166,True
2026-03-30,workday,10,凤起路,10,765,0.65,41.1,0.191,True
2026-03-30,workday,10,龙翔桥,11,573,0.72,37.5,0.143,True
2026-03-30,workday,10,定安路,12,296,0.58,38.7,0.074,True
2026-03-30,workday,10,城站,13,630,0,41.6,0.115,True
2026-03-30,workday,11,临平,0,661,1.16,36.5,0.165,True
2026-03-30,workday,11,南苑,1,730,1.6,36.5,0.182,True
2026-03-30,workday,11,余杭高铁站,2,462,0.43,39.3,0.116,True
2026-03-30,workday,11,乔司,3,790,1.05,37.2,0.198,True
2026-03-30,workday,11,翁梅,4,446,0.46,40.5,0.112,True
2026-03-30,workday,11,客运中心,5,962,0.11,37.1,0.24,True
2026-03-30,workday,11,火车东站,6,1445,1.43,37.7,0.263,True
2026-03-30,workday,11,闸弄口,7,733,0.27,36.5,0.183,True
2026-03-30,workday,11,打铁关,8,693,0.79,38.8,0.173,True
2026-03-30,workday,11,西湖文化广场,9,889,0.33,36.2,0.222,True
2026-03-30,workday,11,凤起路,10,650,0.82,34.6,0.163,True
2026-03-30,workday,11,龙翔桥,11,1048,0.84,39.1,0.262,True
2026-03-30,workday,11,定安路,12,697,0.94,37.3,0.174,True
2026-03-30,workday,11,城站,13,918,0.48,40.3,0.167,True
2026-03-30,workday,12,临平,0,1524,0.95,40.4,0.381,True
2026-03-30,workday,12,南苑,1,1370,0.96,36.3,0.343,True
2026-03-30,workday,12,余杭高铁站,2,1342,1.46,38.2,0.336,True
2026-03-30,workday,12,乔司,3,1165,0.61,37.2,0.291,True
2026-03-30,workday,12,翁梅,4,1492,0.39,32.1,0.373,True
2026-03-30,workday,12,客运中心,5,1501,0.78,35.3,0.375,True
2026-03-30,workday,12,火车东站,6,2527,0.77,32.7,0.459,True
2026-03-30,workday,12,闸弄口,7,1071,0.81,37.3,0.268,True
2026-03-30,workday,12,打铁关,8,1524,1.04,35.1,0.381,True
2026-03-30,workday,12,西湖文化广场,9,2127,0.88,32.6,0.532,True
2026-03-30,workday,12,凤起路,10,1572,0.64,32.0,0.393,True
2026-03-30,workday,12,龙翔桥,11,2223,1.02,32.8,0.556,True
2026-03-30,workday,12,定安路,12,1268,0.87,38.8,0.317,True
2026-03-30,workday,12,城站,13,2068,0.76,34.6,0.376,True
2026-03-30,workday,13,临平,0,1364,0.39,35.7,0.341,True
2026-03-30,workday,13,南苑,1,1384,1.33,37.3,0.346,True
2026-03-30,workday,13,余杭高铁站,2,1530,0.59,36.4,0.383,True
2026-03-30,workday,13,乔司,3,1204,0.83,37.0,0.301,True
2026-03-30,workday,13,翁梅,4,1260,1.35,37.1,0.315,True
2026-03-30,workday,13,客运中心,5,1502,0.97,34.9,0.376,True
2026-03-30,workday,13,火车东站,6,2475,1.13,35.2,0.45,True
2026-03-30,workday,13,闸弄口,7,1069,0.37,38.0,0.267,True
2026-03-30,workday,13,打铁关,8,1570,1.38,38.0,0.393,True
2026-03-30,workday,13,西湖文化广场,9,1617,1.05,32.3,0.404,True
2026-03-30,workday,13,凤起路,10,1892,0.95,32.6,0.473,True
2026-03-30,workday,13,龙翔桥,11,2501,1.19,29.7,0.625,True
2026-03-30,workday,13,定安路,12,1419,0.56,35.9,0.355,True
2026-03-30,workday,13,城站,13,1993,1.31,33.5,0.362,True
2026-03-30,workday,14,临平,0,734,1.19,36.6,0.183,True
2026-03-30,workday,14,南苑,1,718,0.7,36.8,0.179,True
2026-03-30,workday,14,余杭高铁站,2,783,0.69,36.2,0.196,True
2026-03-30,workday,14,乔司,3,951,0.93,36.9,0.238,True
2026-03-30,workday,14,翁梅,4,591,0.38,40.1,0.148,True
2026-03-30,workday,14,客运中心,5,870,0.81,37.1,0.217,True
2026-03-30,workday,14,火车东站,6,1328,0.73,38.3,0.241,True
2026-03-30,workday,14,闸弄口,7,659,0.88,39.0,0.165,True
2026-03-30,workday,14,打铁关,8,669,0.38,36.6,0.167,True
2026-03-30,workday,14,西湖文化广场,9,850,0.37,38.8,0.212,True
2026-03-30,workday,14,凤起路,10,817,1.13,41.0,0.204,True
2026-03-30,workday,14,龙翔桥,11,1102,0.26,36.1,0.276,True
2026-03-30,workday,14,定安路,12,675,0.19,37.6,0.169,True
2026-03-30,workday,14,城站,13,1073,0.58,36.5,0.195,True
2026-03-30,workday,15,临平,0,286,1.09,38.9,0.071,True
2026-03-30,workday,15,南苑,1,275,0.44,40.6,0.069,True
2026-03-30,workday,15,余杭高铁站,2,297,0.7,40.2,0.074,True
2026-03-30,workday,15,乔司,3,512,1.02,37.6,0.128,True
2026-03-30,workday,15,翁梅,4,569,0.38,37.7,0.142,True
2026-03-30,workday,15,客运中心,5,699,0.89,37.9,0.175,True
2026-03-30,workday,15,火车东站,6,541,0.78,37.9,0.098,True
2026-03-30,workday,15,闸弄口,7,261,0.36,39.6,0.065,True
2026-03-30,workday,15,打铁关,8,81,0.62,40.0,0.02,True
2026-03-30,workday,15,西湖文化广场,9,472,0.91,39.5,0.118,True
2026-03-30,workday,15,凤起路,10,389,0.38,39.9,0.097,True
2026-03-30,workday,15,龙翔桥,11,412,0.48,37.8,0.103,True
2026-03-30,workday,15,定安路,12,410,0.65,38.8,0.102,True
2026-03-30,workday,15,城站,13,770,0.72,37.8,0.14,True
2026-03-30,workday,16,临平,0,495,0.82,39.3,0.124,True
2026-03-30,workday,16,南苑,1,894,0.45,37.4,0.224,True
2026-03-30,workday,16,余杭高铁站,2,667,0.61,38.0,0.167,True
2026-03-30,workday,16,乔司,3,419,0.83,39.7,0.105,True
2026-03-30,workday,16,翁梅,4,846,1.34,37.0,0.211,True
2026-03-30,workday,16,客运中心,5,874,0.68,40.3,0.218,True
2026-03-30,workday,16,火车东站,6,958,0.84,35.7,0.174,True
2026-03-30,workday,16,闸弄口,7,289,0,37.1,0.072,True
2026-03-30,workday,16,打铁关,8,837,0.41,37.2,0.209,True
2026-03-30,workday,16,西湖文化广场,9,772,0.84,36.0,0.193,True
2026-03-30,workday,16,凤起路,10,1009,0.4,35.8,0.252,True
2026-03-30,workday,16,龙翔桥,11,1101,0.73,38.8,0.275,True
2026-03-30,workday,16,定安路,12,694,0.28,37.1,0.173,True
2026-03-30,workday,16,城站,13,929,0.9,38.5,0.169,True
2026-03-30,workday,17,临平,0,3014,2.57,30.2,0.753,False
2026-03-30,workday,17,南苑,1,3012,2.36,33.3,0.753,False
2026-03-30,workday,17,余杭高铁站,2,3017,2.2,29.4,0.754,False
2026-03-30,workday,17,乔司,3,3135,2.2,31.1,0.784,False
2026-03-30,workday,17,翁梅,4,2747,2.46,29.8,0.687,False
2026-03-30,workday,17,客运中心,5,3825,3.11,26.5,0.956,False
2026-03-30,workday,17,火车东站,6,5446,3.79,26.6,0.99,False
2026-03-30,workday,17,闸弄口,7,3234,2.89,27.3,0.808,False
2026-03-30,workday,17,打铁关,8,2815,2.43,29.6,0.704,False
2026-03-30,workday,17,西湖文化广场,9,4187,3.05,29.0,1.0,False
2026-03-30,workday,17,凤起路,10,3605,2.69,28.0,0.901,False
2026-03-30,workday,17,龙翔桥,11,5046,3.38,28.5,1.0,False
2026-03-30,workday,17,定安路,12,2955,2.3,30.9,0.739,False
2026-03-30,workday,17,城站,13,4524,2.91,31.3,0.823,False
2026-03-30,workday,18,临平,0,5212,3.7,29.1,1.0,False
2026-03-30,workday,18,南苑,1,5125,3.85,28.5,1.0,False
2026-03-30,workday,18,余杭高铁站,2,5031,3.78,28.1,1.0,False
2026-03-30,workday,18,乔司,3,4853,3.42,25.2,1.0,False
2026-03-30,workday,18,翁梅,4,4999,3.62,29.9,1.0,False
2026-03-30,workday,18,客运中心,5,6522,4.69,28.0,1.0,False
2026-03-30,workday,18,火车东站,6,8846,5.38,26.5,1.0,False
2026-03-30,workday,18,闸弄口,7,4795,3.57,27.7,1.0,False
2026-03-30,workday,18,打铁关,8,5085,3.57,29.6,1.0,False
2026-03-30,workday,18,西湖文化广场,9,7159,4.6,27.6,1.0,False
2026-03-30,workday,18,凤起路,10,5920,3.57,29.0,1.0,False
2026-03-30,workday,18,龙翔桥,11,8178,5.4,27.3,1.0,False
2026-03-30,workday,18,定安路,12,5163,2.89,28.3,1.0,False
2026-03-30,workday,18,城站,13,7521,4.84,30.1,1.0,False
2026-03-30,workday,19,临平,0,3178,1.06,30.3,0.794,True
2026-03-30,workday,19,南苑,1,2974,0.94,29.1,0.744,True
2026-03-30,workday,19,余杭高铁站,2,3239,1.46,31.5,0.81,True
2026-03-30,workday,19,乔司,3,2868,1.7,34.4,0.717,True
2026-03-30,workday,19,翁梅,4,3060,0.84,29.5,0.765,True
2026-03-30,workday,19,客运中心,5,4005,1.03,27.9,1.0,True
2026-03-30,workday,19,火车东站,6,5622,1.17,31.0,1.0,True
2026-03-30,workday,19,闸弄口,7,3267,0.78,28.1,0.817,True
2026-03-30,workday,19,打铁关,8,2990,0.79,30.6,0.748,True
2026-03-30,workday,19,西湖文化广场,9,3858,1.2,31.1,0.965,True
2026-03-30,workday,19,凤起路,10,3471,1.11,27.3,0.868,True
2026-03-30,workday,19,龙翔桥,11,4947,1.42,30.9,1.0,True
2026-03-30,workday,19,定安路,12,3063,1.0,31.6,0.766,True
2026-03-30,workday,19,城站,13,4473,0.99,30.7,0.813,True
2026-03-30,workday,20,临平,0,650,0.68,38.6,0.163,True
2026-03-30,workday,20,南苑,1,600,0.75,40.8,0.15,True
2026-03-30,workday,20,余杭高铁站,2,510,1.12,38.1,0.128,True
2026-03-30,workday,20,乔司,3,561,1.34,38.6,0.14,True
2026-03-30,workday,20,翁梅,4,882,0.92,34.8,0.221,True
2026-03-30,workday,20,客运中心,5,897,0.52,35.3,0.224,True
2026-03-30,workday,20,火车东站,6,952,0.72,38.8,0.173,True
2026-03-30,workday,20,闸弄口,7,735,0.56,36.6,0.184,True
2026-03-30,workday,20,打铁关,8,528,0.44,36.9,0.132,True
2026-03-30,workday,20,西湖文化广场,9,916,0.68,35.9,0.229,True
2026-03-30,workday,20,凤起路,10,777,0.43,37.7,0.194,True
2026-03-30,workday,20,龙翔桥,11,1158,0.79,37.2,0.289,True
2026-03-30,workday,20,定安路,12,428,0.47,39.1,0.107,True
2026-03-30,workday,20,城站,13,1111,0.24,37.8,0.202,True
2026-03-30,workday,21,临平,0,580,0.56,38.1,0.145,True
2026-03-30,workday,21,南苑,1,467,0.67,39.6,0.117,True
2026-03-30,workday,21,余杭高铁站,2,410,0.63,37.6,0.102,True
2026-03-30,workday,21,乔司,3,374,0.95,38.6,0.093,True
2026-03-30,workday,21,翁梅,4,374,0.43,40.1,0.093,True
2026-03-30,workday,21,客运中心,5,391,0.85,37.4,0.098,True
2026-03-30,workday,21,火车东站,6,561,0.67,39.0,0.102,True
2026-03-30,workday,21,闸弄口,7,444,0.91,38.0,0.111,True
2026-03-30,workday,21,打铁关,8,466,0.32,40.5,0.117,True
2026-03-30,workday,21,西湖文化广场,9,654,0.79,38.3,0.164,True
2026-03-30,workday,21,凤起路,10,362,0.47,39.7,0.09,True
2026-03-30,workday,21,龙翔桥,11,637,0.66,36.1,0.159,True
2026-03-30,workday,21,定安路,12,427,0.38,37.1,0.107,True
2026-03-30,workday,21,城站,13,576,0.06,39.8,0.105,True
2026-03-30,workday,22,临平,0,527,0.59,36.9,0.132,True
2026-03-30,workday,22,南苑,1,258,0.51,35.6,0.065,True
2026-03-30,workday,22,余杭高铁站,2,427,0.78,38.2,0.107,True
2026-03-30,workday,22,乔司,3,325,0.62,39.6,0.081,True
2026-03-30,workday,22,翁梅,4,564,0.62,37.3,0.141,True
2026-03-30,workday,22,客运中心,5,450,0.64,41.0,0.113,True
2026-03-30,workday,22,火车东站,6,671,0.32,37.2,0.122,True
2026-03-30,workday,22,闸弄口,7,85,0.62,37.7,0.021,True
2026-03-30,workday,22,打铁关,8,214,0,37.7,0.053,True
2026-03-30,workday,22,西湖文化广场,9,645,0.24,35.4,0.161,True
2026-03-30,workday,22,凤起路,10,506,0.5,39.1,0.127,True
2026-03-30,workday,22,龙翔桥,11,751,0.65,35.8,0.188,True
2026-03-30,workday,22,定安路,12,381,0.73,38.0,0.095,True
2026-03-30,workday,22,城站,13,384,0.91,38.5,0.07,True
2026-03-30,workday,23,临平,0,338,0.57,40.5,0.085,True
2026-03-30,workday,23,南苑,1,439,0.49,39.7,0.11,True
2026-03-30,workday,23,余杭高铁站,2,722,1.06,38.8,0.18,True
2026-03-30,workday,23,乔司,3,231,1.67,37.5,0.058,True
2026-03-30,workday,23,翁梅,4,344,0.36,41.4,0.086,True
2026-03-30,workday,23,客运中心,5,583,0.19,38.6,0.146,True
2026-03-30,workday,23,火车东站,6,802,0.56,36.4,0.146,True
2026-03-30,workday,23,闸弄口,7,291,0.43,39.2,0.073,True
2026-03-30,workday,23,打铁关,8,322,0.78,37.6,0.081,True
2026-03-30,workday,23,西湖文化广场,9,300,0.34,41.1,0.075,True
2026-03-30,workday,23,凤起路,10,394,1.28,39.5,0.099,True
2026-03-30,workday,23,龙翔桥,11,465,0.34,39.0,0.116,True
2026-03-30,workday,23,定安路,12,223,1.26,37.8,0.056,True
2026-03-30,workday,23,城站,13,702,1.08,38.3,0.128,True
2026-03-31,workday,6,临平,0,250,0.47,39.8,0.062,True
2026-03-31,workday,6,南苑,1,531,0.62,36.3,0.133,True
2026-03-31,workday,6,余杭高铁站,2,406,0.38,35.5,0.102,True
2026-03-31,workday,6,乔司,3,295,0.13,40.0,0.074,True
2026-03-31,workday,6,翁梅,4,691,1.2,37.1,0.173,True
2026-03-31,workday,6,客运中心,5,449,0.8,40.2,0.112,True
2026-03-31,workday,6,火车东站,6,657,0.59,41.9,0.119,True
2026-03-31,workday,6,闸弄口,7,383,0.43,39.0,0.096,True
2026-03-31,workday,6,打铁关,8,486,0.29,38.2,0.121,True
2026-03-31,workday,6,西湖文化广场,9,385,0.49,41.7,0.096,True
2026-03-31,workday,6,凤起路,10,591,0.59,36.8,0.148,True
2026-03-31,workday,6,龙翔桥,11,593,0.93,37.4,0.148,True
2026-03-31,workday,6,定安路,12,617,0.21,37.7,0.154,True
2026-03-31,workday,6,城站,13,861,0.07,39.9,0.157,True
2026-03-31,workday,7,临平,0,2011,1.68,33.7,0.503,True
2026-03-31,workday,7,南苑,1,2412,1.0,29.9,0.603,True
2026-03-31,workday,7,余杭高铁站,2,2204,1.83,32.0,0.551,True
2026-03-31,workday,7,乔司,3,2256,1.5,32.6,0.564,True
2026-03-31,workday,7,翁梅,4,2162,1.87,34.4,0.54,True
2026-03-31,workday,7,客运中心,5,3190,2.22,30.0,0.797,False
2026-03-31,workday,7,火车东站,6,4127,2.89,30.9,0.75,False
2026-03-31,workday,7,闸弄口,7,2054,1.84,32.5,0.513,True
2026-03-31,workday,7,打铁关,8,2145,1.31,35.3,0.536,True
2026-03-31,workday,7,西湖文化广场,9,3183,2.75,30.9,0.796,False
2026-03-31,workday,7,凤起路,10,2491,1.67,33.7,0.623,True
2026-03-31,workday,7,龙翔桥,11,3547,2.3,29.1,0.887,False
2026-03-31,workday,7,定安路,12,2262,1.55,32.7,0.566,True
2026-03-31,workday,7,城站,13,3361,1.74,33.4,0.611,True
2026-03-31,workday,8,临平,0,4878,3.82,26.3,1.0,False
2026-03-31,workday,8,南苑,1,4763,3.71,25.6,1.0,False
2026-03-31,workday,8,余杭高铁站,2,4904,3.62,27.5,1.0,False
2026-03-31,workday,8,乔司,3,4751,3.41,27.7,1.0,False
2026-03-31,workday,8,翁梅,4,5192,3.79,32.6,1.0,False
2026-03-31,workday,8,客运中心,5,6253,4.25,26.4,1.0,False
2026-03-31,workday,8,火车东站,6,9173,6.25,29.1,1.0,False
2026-03-31,workday,8,闸弄口,7,4883,3.21,25.0,1.0,False
2026-03-31,workday,8,打铁关,8,5256,3.81,27.6,1.0,False
2026-03-31,workday,8,西湖文化广场,9,7140,5.01,29.5,1.0,False
2026-03-31,workday,8,凤起路,10,5756,3.74,28.3,1.0,False
2026-03-31,workday,8,龙翔桥,11,8053,5.62,26.5,1.0,False
2026-03-31,workday,8,定安路,12,5019,4.17,29.0,1.0,False
2026-03-31,workday,8,城站,13,7630,5.07,29.2,1.0,False
2026-03-31,workday,9,临平,0,2559,1.04,34.2,0.64,True
2026-03-31,workday,9,南苑,1,2157,1.11,34.9,0.539,True
2026-03-31,workday,9,余杭高铁站,2,2176,1.26,32.5,0.544,True
2026-03-31,workday,9,乔司,3,2168,0.93,36.4,0.542,True
2026-03-31,workday,9,翁梅,4,2335,1.25,31.9,0.584,True
2026-03-31,workday,9,客运中心,5,2987,0.74,30.2,0.747,True
2026-03-31,workday,9,火车东站,6,4245,1.34,32.9,0.772,True
2026-03-31,workday,9,闸弄口,7,2258,0.89,35.1,0.565,True
2026-03-31,workday,9,打铁关,8,2191,0.48,35.4,0.548,True
2026-03-31,workday,9,西湖文化广场,9,3266,0.5,30.3,0.817,True
2026-03-31,workday,9,凤起路,10,2686,1.56,30.9,0.671,True
2026-03-31,workday,9,龙翔桥,11,3575,0.94,27.7,0.894,True
2026-03-31,workday,9,定安路,12,2184,0.51,31.9,0.546,True
2026-03-31,workday,9,城站,13,3192,0.69,30.7,0.58,True
2026-03-31,workday,10,临平,0,321,0.36,37.2,0.08,True
2026-03-31,workday,10,南苑,1,471,0.58,37.9,0.118,True
2026-03-31,workday,10,余杭高铁站,2,330,1.04,39.4,0.083,True
2026-03-31,workday,10,乔司,3,471,0,37.6,0.118,True
2026-03-31,workday,10,翁梅,4,74,0.39,40.3,0.018,True
2026-03-31,workday,10,客运中心,5,418,0.74,37.2,0.104,True
2026-03-31,workday,10,火车东站,6,806,0.2,37.8,0.147,True
2026-03-31,workday,10,闸弄口,7,462,0.75,38.4,0.116,True
2026-03-31,workday,10,打铁关,8,690,0.51,37.3,0.172,True
2026-03-31,workday,10,西湖文化广场,9,146,1.06,39.0,0.036,True
2026-03-31,workday,10,凤起路,10,303,0.96,40.9,0.076,True
2026-03-31,workday,10,龙翔桥,11,656,0.2,38.7,0.164,True
2026-03-31,workday,10,定安路,12,306,0.21,40.7,0.076,True
2026-03-31,workday,10,城站,13,280,0.73,40.1,0.051,True
2026-03-31,workday,11,临平,0,994,0.8,33.9,0.248,True
2026-03-31,workday,11,南苑,1,561,0.63,38.9,0.14,True
2026-03-31,workday,11,余杭高铁站,2,833,0.08,37.0,0.208,True
2026-03-31,workday,11,乔司,3,832,1.13,40.3,0.208,True
2026-03-31,workday,11,翁梅,4,628,0.95,40.7,0.157,True
2026-03-31,workday,11,客运中心,5,1072,0.93,38.0,0.268,True
2026-03-31,workday,11,火车东站,6,1117,0.29,39.0,0.203,True
2026-03-31,workday,11,闸弄口,7,634,0.62,37.2,0.159,True
2026-03-31,workday,11,打铁关,8,627,0.7,36.6,0.157,True
2026-03-31,workday,11,西湖文化广场,9,971,0.77,37.0,0.243,True
2026-03-31,workday,11,凤起路,10,712,0.88,40.7,0.178,True
2026-03-31,workday,11,龙翔桥,11,1008,1.07,38.3,0.252,True
2026-03-31,workday,11,定安路,12,288,0.33,38.2,0.072,True
2026-03-31,workday,11,城站,13,1147,0.79,38.2,0.209,True
2026-03-31,workday,12,临平,0,1470,0.52,34.5,0.367,True
2026-03-31,workday,12,南苑,1,1191,0.69,36.2,0.298,True
2026-03-31,workday,12,余杭高铁站,2,1400,0.56,37.2,0.35,True
2026-03-31,workday,12,乔司,3,1512,1.27,36.5,0.378,True
2026-03-31,workday,12,翁梅,4,1403,0.98,36.7,0.351,True
2026-03-31,workday,12,客运中心,5,1690,1.22,37.5,0.422,True
2026-03-31,workday,12,火车东站,6,2772,1.06,34.4,0.504,True
2026-03-31,workday,12,闸弄口,7,1437,0.79,36.6,0.359,True
2026-03-31,workday,12,打铁关,8,1357,0.71,38.6,0.339,True
2026-03-31,workday,12,西湖文化广场,9,1950,0.91,35.5,0.487,True
2026-03-31,workday,12,凤起路,10,1672,0.92,34.9,0.418,True
2026-03-31,workday,12,龙翔桥,11,2017,0.89,32.2,0.504,True
2026-03-31,workday,12,定安路,12,1406,0.43,37.2,0.351,True
2026-03-31,workday,12,城站,13,2175,1.02,35.1,0.395,True
2026-03-31,workday,13,临平,0,1437,0.2,34.0,0.359,True
2026-03-31,workday,13,南苑,1,1352,0.87,35.8,0.338,True
2026-03-31,workday,13,余杭高铁站,2,1224,0.78,35.6,0.306,True
2026-03-31,workday,13,乔司,3,1214,0.84,36.0,0.303,True
2026-03-31,workday,13,翁梅,4,1554,1.01,36.4,0.389,True
2026-03-31,workday,13,客运中心,5,1836,0.61,33.1,0.459,True
2026-03-31,workday,13,火车东站,6,2254,1.81,33.5,0.41,True
2026-03-31,workday,13,闸弄口,7,1343,0.66,35.5,0.336,True
2026-03-31,workday,13,打铁关,8,1287,0.2,34.6,0.322,True
2026-03-31,workday,13,西湖文化广场,9,1716,0.81,33.8,0.429,True
2026-03-31,workday,13,凤起路,10,1547,0.87,34.5,0.387,True
2026-03-31,workday,13,龙翔桥,11,2340,0.85,33.3,0.585,True
2026-03-31,workday,13,定安路,12,1176,0.93,35.9,0.294,True
2026-03-31,workday,13,城站,13,2124,1.02,35.1,0.386,True
2026-03-31,workday,14,临平,0,719,0.53,39.9,0.18,True
2026-03-31,workday,14,南苑,1,826,0.81,35.8,0.206,True
2026-03-31,workday,14,余杭高铁站,2,521,0.41,38.1,0.13,True
2026-03-31,workday,14,乔司,3,753,0.38,39.5,0.188,True
2026-03-31,workday,14,翁梅,4,687,0.03,37.2,0.172,True
2026-03-31,workday,14,客运中心,5,504,0.38,37.7,0.126,True
2026-03-31,workday,14,火车东站,6,1144,0.63,36.9,0.208,True
2026-03-31,workday,14,闸弄口,7,597,1.07,40.0,0.149,True
2026-03-31,workday,14,打铁关,8,515,0.98,36.0,0.129,True
2026-03-31,workday,14,西湖文化广场,9,839,1.13,34.1,0.21,True
2026-03-31,workday,14,凤起路,10,910,0.31,37.0,0.228,True
2026-03-31,workday,14,龙翔桥,11,1071,1.22,35.6,0.268,True
2026-03-31,workday,14,定安路,12,676,0.82,37.6,0.169,True
2026-03-31,workday,14,城站,13,906,0.66,38.2,0.165,True
2026-03-31,workday,15,临平,0,532,0.32,37.7,0.133,True
2026-03-31,workday,15,南苑,1,448,0.54,38.4,0.112,True
2026-03-31,workday,15,余杭高铁站,2,397,0.37,37.6,0.099,True
2026-03-31,workday,15,乔司,3,466,0.26,40.3,0.117,True
2026-03-31,workday,15,翁梅,4,432,0.2,39.1,0.108,True
2026-03-31,workday,15,客运中心,5,545,0.84,40.1,0.136,True
2026-03-31,workday,15,火车东站,6,665,0.42,37.6,0.121,True
2026-03-31,workday,15,闸弄口,7,252,0.33,39.7,0.063,True
2026-03-31,workday,15,打铁关,8,402,0.43,37.7,0.101,True
2026-03-31,workday,15,西湖文化广场,9,612,0.47,36.6,0.153,True
2026-03-31,workday,15,凤起路,10,457,0.51,37.0,0.114,True
2026-03-31,workday,15,龙翔桥,11,764,0.91,37.8,0.191,True
2026-03-31,workday,15,定安路,12,419,0.74,38.7,0.105,True
2026-03-31,workday,15,城站,13,733,1.14,38.5,0.133,True
2026-03-31,workday,16,临平,0,742,0.91,37.3,0.185,True
2026-03-31,workday,16,南苑,1,507,0.87,36.1,0.127,True
2026-03-31,workday,16,余杭高铁站,2,945,0.95,37.4,0.236,True
2026-03-31,workday,16,乔司,3,684,1.16,36.5,0.171,True
2026-03-31,workday,16,翁梅,4,502,0.42,38.1,0.126,True
2026-03-31,workday,16,客运中心,5,728,0.69,38.0,0.182,True
2026-03-31,workday,16,火车东站,6,1095,1.2,35.5,0.199,True
2026-03-31,workday,16,闸弄口,7,485,0.71,38.2,0.121,True
2026-03-31,workday,16,打铁关,8,739,0.46,36.2,0.185,True
2026-03-31,workday,16,西湖文化广场,9,850,0.46,38.2,0.212,True
2026-03-31,workday,16,凤起路,10,740,0.88,38.7,0.185,True
2026-03-31,workday,16,龙翔桥,11,1238,1.02,37.5,0.309,True
2026-03-31,workday,16,定安路,12,792,0.5,37.2,0.198,True
2026-03-31,workday,16,城站,13,740,0.74,37.4,0.135,True
2026-03-31,workday,17,临平,0,3092,2.51,28.7,0.773,False
2026-03-31,workday,17,南苑,1,2880,2.12,30.6,0.72,False
2026-03-31,workday,17,余杭高铁站,2,3057,1.99,30.9,0.764,True
2026-03-31,workday,17,乔司,3,2779,1.52,32.7,0.695,True
2026-03-31,workday,17,翁梅,4,2836,2.03,29.4,0.709,False
2026-03-31,workday,17,客运中心,5,3731,2.62,28.2,0.933,False
2026-03-31,workday,17,火车东站,6,5606,4.0,27.6,1.0,False
2026-03-31,workday,17,闸弄口,7,3146,2.72,31.2,0.786,False
2026-03-31,workday,17,打铁关,8,2971,2.59,33.7,0.743,False
2026-03-31,workday,17,西湖文化广场,9,4344,3.64,29.4,1.0,False
2026-03-31,workday,17,凤起路,10,3766,2.43,27.0,0.942,False
2026-03-31,workday,17,龙翔桥,11,4844,2.91,27.1,1.0,False
2026-03-31,workday,17,定安路,12,3162,2.2,31.3,0.79,False
2026-03-31,workday,17,城站,13,4346,2.96,32.1,0.79,False
2026-03-31,workday,18,临平,0,5031,3.61,30.6,1.0,False
2026-03-31,workday,18,南苑,1,5194,3.35,30.0,1.0,False
2026-03-31,workday,18,余杭高铁站,2,4907,3.44,28.0,1.0,False
2026-03-31,workday,18,乔司,3,5160,3.26,28.7,1.0,False
2026-03-31,workday,18,翁梅,4,5078,3.79,27.7,1.0,False
2026-03-31,workday,18,客运中心,5,6650,4.28,29.7,1.0,False
2026-03-31,workday,18,火车东站,6,9052,5.51,28.6,1.0,False
2026-03-31,workday,18,闸弄口,7,5026,3.41,26.9,1.0,False
2026-03-31,workday,18,打铁关,8,4963,3.05,30.5,1.0,False
2026-03-31,workday,18,西湖文化广场,9,6830,4.4,29.7,1.0,False
2026-03-31,workday,18,凤起路,10,6087,4.37,30.3,1.0,False
2026-03-31,workday,18,龙翔桥,11,7953,4.96,29.3,1.0,False
2026-03-31,workday,18,定安路,12,5119,3.47,26.1,1.0,False
2026-03-31,workday,18,城站,13,7685,5.28,25.9,1.0,False
2026-03-31,workday,19,临平,0,3149,0.7,29.8,0.787,True
2026-03-31,workday,19,南苑,1,2864,0.88,30.2,0.716,True
2026-03-31,workday,19,余杭高铁站,2,2940,1.31,31.6,0.735,True
2026-03-31,workday,19,乔司,3,3126,1.45,30.1,0.781,True
2026-03-31,workday,19,翁梅,4,3044,1.27,33.4,0.761,True
2026-03-31,workday,19,客运中心,5,4077,1.73,29.5,1.0,True
2026-03-31,workday,19,火车东站,6,5617,1.09,29.3,1.0,True
2026-03-31,workday,19,闸弄口,7,3064,1.13,30.0,0.766,True
2026-03-31,workday,19,打铁关,8,2968,1.22,32.4,0.742,True
2026-03-31,workday,19,西湖文化广场,9,4021,1.37,27.2,1.0,True
2026-03-31,workday,19,凤起路,10,3496,1.32,29.0,0.874,True
2026-03-31,workday,19,龙翔桥,11,4753,1.22,28.4,1.0,True
2026-03-31,workday,19,定安路,12,3031,0.78,29.6,0.758,True
2026-03-31,workday,19,城站,13,4521,1.53,28.6,0.822,True
2026-03-31,workday,20,临平,0,749,0.4,41.8,0.187,True
2026-03-31,workday,20,南苑,1,535,0.37,38.7,0.134,True
2026-03-31,workday,20,余杭高铁站,2,541,0.86,41.1,0.135,True
2026-03-31,workday,20,乔司,3,618,0.68,37.4,0.154,True
2026-03-31,workday,20,翁梅,4,676,1.06,39.3,0.169,True
2026-03-31,workday,20,客运中心,5,744,1.11,39.5,0.186,True
2026-03-31,workday,20,火车东站,6,1290,0.56,37.3,0.235,True
2026-03-31,workday,20,闸弄口,7,557,0.75,37.9,0.139,True
2026-03-31,workday,20,打铁关,8,341,0.85,39.3,0.085,True
2026-03-31,workday,20,西湖文化广场,9,1109,0.68,37.0,0.277,True
2026-03-31,workday,20,凤起路,10,979,0.81,37.5,0.245,True
2026-03-31,workday,20,龙翔桥,11,1564,0.76,35.6,0.391,True
2026-03-31,workday,20,定安路,12,936,0.45,35.6,0.234,True
2026-03-31,workday,20,城站,13,800,0.82,39.2,0.145,True
2026-03-31,workday,21,临平,0,511,0.2,40.0,0.128,True
2026-03-31,workday,21,南苑,1,579,0.59,38.3,0.145,True
2026-03-31,workday,21,余杭高铁站,2,501,0.71,39.5,0.125,True
2026-03-31,workday,21,乔司,3,237,0.5,37.5,0.059,True
2026-03-31,workday,21,翁梅,4,494,0.76,38.4,0.123,True
2026-03-31,workday,21,客运中心,5,564,0.15,39.6,0.141,True
2026-03-31,workday,21,火车东站,6,649,0.67,40.3,0.118,True
2026-03-31,workday,21,闸弄口,7,286,0.92,39.3,0.071,True
2026-03-31,workday,21,打铁关,8,404,0.75,36.9,0.101,True
2026-03-31,workday,21,西湖文化广场,9,649,0.65,39.6,0.162,True
2026-03-31,workday,21,凤起路,10,447,0.48,39.2,0.112,True
2026-03-31,workday,21,龙翔桥,11,631,0.27,37.8,0.158,True
2026-03-31,workday,21,定安路,12,590,0.59,36.9,0.147,True
2026-03-31,workday,21,城站,13,707,0.09,35.3,0.129,True
2026-03-31,workday,22,临平,0,399,0.63,39.1,0.1,True
2026-03-31,workday,22,南苑,1,266,0.51,37.1,0.067,True
2026-03-31,workday,22,余杭高铁站,2,432,0.1,38.5,0.108,True
2026-03-31,workday,22,乔司,3,439,0.06,37.9,0.11,True
2026-03-31,workday,22,翁梅,4,518,1.07,36.2,0.13,True
2026-03-31,workday,22,客运中心,5,570,0.24,36.3,0.142,True
2026-03-31,workday,22,火车东站,6,959,0.89,36.7,0.174,True
2026-03-31,workday,22,闸弄口,7,432,0.78,39.0,0.108,True
2026-03-31,workday,22,打铁关,8,737,0.83,33.3,0.184,True
2026-03-31,workday,22,西湖文化广场,9,516,0.38,38.1,0.129,True
2026-03-31,workday,22,凤起路,10,482,0.4,36.9,0.12,True
2026-03-31,workday,22,龙翔桥,11,844,0.85,36.5,0.211,True
2026-03-31,workday,22,定安路,12,501,0.8,40.4,0.125,True
2026-03-31,workday,22,城站,13,441,0.82,38.1,0.08,True
2026-03-31,workday,23,临平,0,573,0.56,34.9,0.143,True
2026-03-31,workday,23,南苑,1,405,0.05,38.5,0.101,True
2026-03-31,workday,23,余杭高铁站,2,391,0.46,36.6,0.098,True
2026-03-31,workday,23,乔司,3,232,0.29,38.9,0.058,True
2026-03-31,workday,23,翁梅,4,593,0.83,37.5,0.148,True
2026-03-31,workday,23,客运中心,5,711,0.23,38.9,0.178,True
2026-03-31,workday,23,火车东站,6,693,0.71,39.4,0.126,True
2026-03-31,workday,23,闸弄口,7,298,0.8,39.1,0.074,True
2026-03-31,workday,23,打铁关,8,761,0.56,39.6,0.19,True
2026-03-31,workday,23,西湖文化广场,9,657,0.28,40.1,0.164,True
2026-03-31,workday,23,凤起路,10,320,0,40.3,0.08,True
2026-03-31,workday,23,龙翔桥,11,800,0.68,37.2,0.2,True
2026-03-31,workday,23,定安路,12,637,0.84,37.1,0.159,True
2026-03-31,workday,23,城站,13,709,0.27,37.6,0.129,True
2026-04-01,workday,6,临平,0,242,0,37.5,0.06,True
2026-04-01,workday,6,南苑,1,583,0.29,37.4,0.146,True
2026-04-01,workday,6,余杭高铁站,2,225,0.8,39.3,0.056,True
2026-04-01,workday,6,乔司,3,473,0.56,36.8,0.118,True
2026-04-01,workday,6,翁梅,4,253,0.8,39.2,0.063,True
2026-04-01,workday,6,客运中心,5,636,0,39.8,0.159,True
2026-04-01,workday,6,火车东站,6,645,1.28,37.8,0.117,True
2026-04-01,workday,6,闸弄口,7,404,0.78,37.5,0.101,True
2026-04-01,workday,6,打铁关,8,530,0.41,40.3,0.133,True
2026-04-01,workday,6,西湖文化广场,9,678,0.78,36.9,0.17,True
2026-04-01,workday,6,凤起路,10,448,0.68,35.6,0.112,True
2026-04-01,workday,6,龙翔桥,11,557,0.89,36.4,0.139,True
2026-04-01,workday,6,定安路,12,591,0.43,38.7,0.148,True
2026-04-01,workday,6,城站,13,427,0.73,39.8,0.078,True
2026-04-01,workday,7,临平,0,2459,2.38,34.5,0.615,False
2026-04-01,workday,7,南苑,1,2320,1.52,35.0,0.58,True
2026-04-01,workday,7,余杭高铁站,2,2093,1.62,34.8,0.523,True
2026-04-01,workday,7,乔司,3,2355,2.39,32.9,0.589,False
2026-04-01,workday,7,翁梅,4,2035,1.64,34.2,0.509,True
2026-04-01,workday,7,客运中心,5,2923,2.68,30.9,0.731,False
2026-04-01,workday,7,火车东站,6,3905,2.98,29.8,0.71,False
2026-04-01,workday,7,闸弄口,7,2544,2.11,30.3,0.636,False
2026-04-01,workday,7,打铁关,8,2451,2.68,29.6,0.613,False
2026-04-01,workday,7,西湖文化广场,9,3340,2.65,30.2,0.835,False
2026-04-01,workday,7,凤起路,10,2798,2.33,30.6,0.7,False
2026-04-01,workday,7,龙翔桥,11,3874,2.42,31.3,0.969,False
2026-04-01,workday,7,定安路,12,2518,1.65,32.4,0.629,True
2026-04-01,workday,7,城站,13,3646,2.54,31.8,0.663,False
2026-04-01,workday,8,临平,0,4939,3.81,27.1,1.0,False
2026-04-01,workday,8,南苑,1,4998,3.66,27.7,1.0,False
2026-04-01,workday,8,余杭高铁站,2,4870,3.02,25.7,1.0,False
2026-04-01,workday,8,乔司,3,4823,2.88,26.9,1.0,False
2026-04-01,workday,8,翁梅,4,5045,3.54,26.8,1.0,False
2026-04-01,workday,8,客运中心,5,6347,4.01,25.9,1.0,False
2026-04-01,workday,8,火车东站,6,8814,6.0,25.9,1.0,False
2026-04-01,workday,8,闸弄口,7,5002,3.32,31.6,1.0,False
2026-04-01,workday,8,打铁关,8,4730,3.4,27.5,1.0,False
2026-04-01,workday,8,西湖文化广场,9,6884,4.72,28.2,1.0,False
2026-04-01,workday,8,凤起路,10,5839,4.13,28.6,1.0,False
2026-04-01,workday,8,龙翔桥,11,8196,5.23,30.2,1.0,False
2026-04-01,workday,8,定安路,12,4970,2.89,28.8,1.0,False
2026-04-01,workday,8,城站,13,7487,4.73,29.4,1.0,False
2026-04-01,workday,9,临平,0,2218,1.25,33.2,0.554,True
2026-04-01,workday,9,南苑,1,2401,1.18,33.5,0.6,True
2026-04-01,workday,9,余杭高铁站,2,2134,1.2,33.6,0.533,True
2026-04-01,workday,9,乔司,3,2589,1.16,33.4,0.647,True
2026-04-01,workday,9,翁梅,4,2174,0.81,33.6,0.543,True
2026-04-01,workday,9,客运中心,5,2800,0.71,31.4,0.7,True
2026-04-01,workday,9,火车东站,6,4108,1.38,32.7,0.747,True
2026-04-01,workday,9,闸弄口,7,2229,1.15,33.1,0.557,True
2026-04-01,workday,9,打铁关,8,2260,1.03,30.1,0.565,True
2026-04-01,workday,9,西湖文化广场,9,3214,0.95,29.0,0.803,True
2026-04-01,workday,9,凤起路,10,2463,0.86,29.8,0.616,True
2026-04-01,workday,9,龙翔桥,11,3793,1.19,26.1,0.948,True
2026-04-01,workday,9,定安路,12,2188,1.16,32.5,0.547,True
2026-04-01,workday,9,城站,13,3391,1.07,32.4,0.617,True
2026-04-01,workday,10,临平,0,145,0.52,38.7,0.036,True
2026-04-01,workday,10,南苑,1,843,0.6,36.8,0.211,True
2026-04-01,workday,10,余杭高铁站,2,548,0.56,38.7,0.137,True
2026-04-01,workday,10,乔司,3,268,1.02,38.3,0.067,True
2026-04-01,workday,10,翁梅,4,456,0.93,38.2,0.114,True
2026-04-01,workday,10,客运中心,5,519,0.78,39.5,0.13,True
2026-04-01,workday,10,火车东站,6,556,0.67,37.4,0.101,True
2026-04-01,workday,10,闸弄口,7,288,0.36,41.0,0.072,True
2026-04-01,workday,10,打铁关,8,639,1.41,38.0,0.16,True
2026-04-01,workday,10,西湖文化广场,9,433,0.3,41.1,0.108,True
2026-04-01,workday,10,凤起路,10,249,0.45,38.4,0.062,True
2026-04-01,workday,10,龙翔桥,11,902,0.38,38.9,0.226,True
2026-04-01,workday,10,定安路,12,597,0.57,38.9,0.149,True
2026-04-01,workday,10,城站,13,369,0.55,38.9,0.067,True
2026-04-01,workday,11,临平,0,299,0.68,39.6,0.075,True
2026-04-01,workday,11,南苑,1,432,0.16,37.6,0.108,True
2026-04-01,workday,11,余杭高铁站,2,607,0.53,36.7,0.152,True
2026-04-01,workday,11,乔司,3,535,0.7,37.7,0.134,True
2026-04-01,workday,11,翁梅,4,670,0.57,38.7,0.168,True
2026-04-01,workday,11,客运中心,5,869,0.93,37.6,0.217,True
2026-04-01,workday,11,火车东站,6,1369,1.15,34.8,0.249,True
2026-04-01,workday,11,闸弄口,7,825,1.2,36.1,0.206,True
2026-04-01,workday,11,打铁关,8,681,0.53,38.6,0.17,True
2026-04-01,workday,11,西湖文化广场,9,1039,0.51,38.8,0.26,True
2026-04-01,workday,11,凤起路,10,695,0.6,39.4,0.174,True
2026-04-01,workday,11,龙翔桥,11,1391,0.62,37.0,0.348,True
2026-04-01,workday,11,定安路,12,719,0.17,36.4,0.18,True
2026-04-01,workday,11,城站,13,849,0.52,37.5,0.154,True
2026-04-01,workday,12,临平,0,1379,1.16,36.5,0.345,True
2026-04-01,workday,12,南苑,1,1773,0.78,35.9,0.443,True
2026-04-01,workday,12,余杭高铁站,2,1437,1.24,35.1,0.359,True
2026-04-01,workday,12,乔司,3,1502,1.29,34.4,0.376,True
2026-04-01,workday,12,翁梅,4,1364,0.92,35.3,0.341,True
2026-04-01,workday,12,客运中心,5,1656,1.38,34.7,0.414,True
2026-04-01,workday,12,火车东站,6,2735,0.89,33.7,0.497,True
2026-04-01,workday,12,闸弄口,7,1494,0.74,34.2,0.373,True
2026-04-01,workday,12,打铁关,8,1267,0.84,35.2,0.317,True
2026-04-01,workday,12,西湖文化广场,9,1938,0.21,33.4,0.484,True
2026-04-01,workday,12,凤起路,10,1623,0.67,33.6,0.406,True
2026-04-01,workday,12,龙翔桥,11,2067,0.93,36.0,0.517,True
2026-04-01,workday,12,定安路,12,1165,0.65,38.0,0.291,True
2026-04-01,workday,12,城站,13,2113,0.89,34.7,0.384,True
2026-04-01,workday,13,临平,0,1377,0.75,32.6,0.344,True
2026-04-01,workday,13,南苑,1,1267,0.17,38.1,0.317,True
2026-04-01,workday,13,余杭高铁站,2,1498,0.56,36.7,0.374,True
2026-04-01,workday,13,乔司,3,1742,0.66,36.7,0.435,True
2026-04-01,workday,13,翁梅,4,1429,0.71,34.1,0.357,True
2026-04-01,workday,13,客运中心,5,1704,0.72,31.4,0.426,True
2026-04-01,workday,13,火车东站,6,2555,0.91,35.1,0.465,True
2026-04-01,workday,13,闸弄口,7,1312,1.66,33.6,0.328,True
2026-04-01,workday,13,打铁关,8,1235,0.96,39.8,0.309,True
2026-04-01,workday,13,西湖文化广场,9,1776,1.4,33.3,0.444,True
2026-04-01,workday,13,凤起路,10,1844,0.89,37.8,0.461,True
2026-04-01,workday,13,龙翔桥,11,2467,0.8,37.0,0.617,True
2026-04-01,workday,13,定安路,12,1206,0.65,39.1,0.301,True
2026-04-01,workday,13,城站,13,1952,0.7,35.9,0.355,True
2026-04-01,workday,14,临平,0,754,0.77,36.6,0.189,True
2026-04-01,workday,14,南苑,1,716,0.83,40.1,0.179,True
2026-04-01,workday,14,余杭高铁站,2,735,0.27,37.8,0.184,True
2026-04-01,workday,14,乔司,3,593,1.01,35.7,0.148,True
2026-04-01,workday,14,翁梅,4,770,0.33,39.6,0.193,True
2026-04-01,workday,14,客运中心,5,1008,0.77,37.7,0.252,True
2026-04-01,workday,14,火车东站,6,1185,0.94,37.3,0.215,True
2026-04-01,workday,14,闸弄口,7,796,0.68,33.9,0.199,True
2026-04-01,workday,14,打铁关,8,609,1.08,40.4,0.152,True
2026-04-01,workday,14,西湖文化广场,9,977,0.66,36.6,0.244,True
2026-04-01,workday,14,凤起路,10,918,0.86,35.8,0.23,True
2026-04-01,workday,14,龙翔桥,11,1198,1.11,35.0,0.299,True
2026-04-01,workday,14,定安路,12,658,0.77,39.1,0.165,True
2026-04-01,workday,14,城站,13,967,0.53,37.2,0.176,True
2026-04-01,workday,15,临平,0,457,0.72,38.6,0.114,True
2026-04-01,workday,15,南苑,1,195,0.21,40.4,0.049,True
2026-04-01,workday,15,余杭高铁站,2,216,0.61,38.8,0.054,True
2026-04-01,workday,15,乔司,3,309,0.57,41.6,0.077,True
2026-04-01,workday,15,翁梅,4,443,0.5,36.5,0.111,True
2026-04-01,workday,15,客运中心,5,596,0.96,39.1,0.149,True
2026-04-01,workday,15,火车东站,6,894,0.82,36.1,0.163,True
2026-04-01,workday,15,闸弄口,7,393,0.74,39.9,0.098,True
2026-04-01,workday,15,打铁关,8,326,0.55,39.6,0.082,True
2026-04-01,workday,15,西湖文化广场,9,750,0.95,38.7,0.188,True
2026-04-01,workday,15,凤起路,10,539,0.3,36.7,0.135,True
2026-04-01,workday,15,龙翔桥,11,626,0.94,38.7,0.157,True
2026-04-01,workday,15,定安路,12,484,0.15,36.4,0.121,True
2026-04-01,workday,15,城站,13,767,0.64,36.4,0.139,True
2026-04-01,workday,16,临平,0,809,0.74,42.0,0.202,True
2026-04-01,workday,16,南苑,1,864,0.78,37.2,0.216,True
2026-04-01,workday,16,余杭高铁站,2,711,0.61,35.7,0.178,True
2026-04-01,workday,16,乔司,3,815,0.75,33.4,0.204,True
2026-04-01,workday,16,翁梅,4,581,0.37,39.7,0.145,True
2026-04-01,workday,16,客运中心,5,873,1.12,35.0,0.218,True
2026-04-01,workday,16,火车东站,6,1056,1.03,36.7,0.192,True
2026-04-01,workday,16,闸弄口,7,517,0.45,37.3,0.129,True
2026-04-01,workday,16,打铁关,8,757,0.99,35.4,0.189,True
2026-04-01,workday,16,西湖文化广场,9,903,0.68,37.4,0.226,True
2026-04-01,workday,16,凤起路,10,937,0.72,36.3,0.234,True
2026-04-01,workday,16,龙翔桥,11,915,0.14,36.7,0.229,True
2026-04-01,workday,16,定安路,12,678,0.91,37.4,0.17,True
2026-04-01,workday,16,城站,13,1363,0.75,36.3,0.248,True
2026-04-01,workday,17,临平,0,3089,2.06,31.0,0.772,False
2026-04-01,workday,17,南苑,1,2723,2.34,31.9,0.681,False
2026-04-01,workday,17,余杭高铁站,2,3064,2.38,28.9,0.766,False
2026-04-01,workday,17,乔司,3,2897,2.71,32.1,0.724,False
2026-04-01,workday,17,翁梅,4,2943,2.39,31.8,0.736,False
2026-04-01,workday,17,客运中心,5,4235,3.37,28.6,1.0,False
2026-04-01,workday,17,火车东站,6,5391,4.27,28.1,0.98,False
2026-04-01,workday,17,闸弄口,7,2902,1.88,30.0,0.726,True
2026-04-01,workday,17,打铁关,8,2978,2.52,32.4,0.745,False
2026-04-01,workday,17,西湖文化广场,9,4418,3.2,29.2,1.0,False
2026-04-01,workday,17,凤起路,10,3978,3.16,30.5,0.995,False
2026-04-01,workday,17,龙翔桥,11,4625,3.05,26.9,1.0,False
2026-04-01,workday,17,定安路,12,2631,2.1,34.2,0.658,False
2026-04-01,workday,17,城站,13,4468,3.24,29.0,0.812,False
2026-04-01,workday,18,临平,0,4926,3.54,26.2,1.0,False
2026-04-01,workday,18,南苑,1,5176,3.03,28.5,1.0,False
2026-04-01,workday,18,余杭高铁站,2,4926,3.9,29.1,1.0,False
2026-04-01,workday,18,乔司,3,4687,2.59,26.5,1.0,False
2026-04-01,workday,18,翁梅,4,4924,3.4,28.0,1.0,False
2026-04-01,workday,18,客运中心,5,6601,4.05,25.3,1.0,False
2026-04-01,workday,18,火车东站,6,9037,5.81,27.8,1.0,False
2026-04-01,workday,18,闸弄口,7,4903,3.39,30.2,1.0,False
2026-04-01,workday,18,打铁关,8,4756,2.99,29.0,1.0,False
2026-04-01,workday,18,西湖文化广场,9,7235,4.78,26.1,1.0,False
2026-04-01,workday,18,凤起路,10,5699,4.0,26.1,1.0,False
2026-04-01,workday,18,龙翔桥,11,8326,6.2,28.3,1.0,False
2026-04-01,workday,18,定安路,12,5072,3.51,29.7,1.0,False
2026-04-01,workday,18,城站,13,7499,5.02,30.0,1.0,False
2026-04-01,workday,19,临平,0,3126,1.76,28.2,0.781,True
2026-04-01,workday,19,南苑,1,2949,0.82,32.4,0.737,True
2026-04-01,workday,19,余杭高铁站,2,2958,1.27,29.4,0.74,True
2026-04-01,workday,19,乔司,3,3018,1.79,33.4,0.754,True
2026-04-01,workday,19,翁梅,4,2750,1.16,33.0,0.688,True
2026-04-01,workday,19,客运中心,5,3868,0.94,29.4,0.967,True
2026-04-01,workday,19,火车东站,6,5473,1.76,27.8,0.995,True
2026-04-01,workday,19,闸弄口,7,3382,0.9,29.1,0.846,True
2026-04-01,workday,19,打铁关,8,3109,1.34,28.6,0.777,True
2026-04-01,workday,19,西湖文化广场,9,4440,0.95,28.0,1.0,True
2026-04-01,workday,19,凤起路,10,3593,1.01,30.9,0.898,True
2026-04-01,workday,19,龙翔桥,11,4500,1.18,26.6,1.0,True
2026-04-01,workday,19,定安路,12,3163,1.6,31.7,0.791,True
2026-04-01,workday,19,城站,13,4758,0.78,29.9,0.865,True
2026-04-01,workday,20,临平,0,469,0.48,39.0,0.117,True
2026-04-01,workday,20,南苑,1,690,1.05,35.0,0.172,True
2026-04-01,workday,20,余杭高铁站,2,551,0.17,35.9,0.138,True
2026-04-01,workday,20,乔司,3,827,0.72,39.9,0.207,True
2026-04-01,workday,20,翁梅,4,854,0.69,36.0,0.213,True
2026-04-01,workday,20,客运中心,5,1028,0.5,35.1,0.257,True
2026-04-01,workday,20,火车东站,6,1045,0.75,39.6,0.19,True
2026-04-01,workday,20,闸弄口,7,684,1.0,38.1,0.171,True
2026-04-01,workday,20,打铁关,8,612,1.44,40.9,0.153,True
2026-04-01,workday,20,西湖文化广场,9,976,0.45,34.7,0.244,True
2026-04-01,workday,20,凤起路,10,872,0.6,38.1,0.218,True
2026-04-01,workday,20,龙翔桥,11,1131,0.86,38.3,0.283,True
2026-04-01,workday,20,定安路,12,723,0.43,36.7,0.181,True
2026-04-01,workday,20,城站,13,1102,0.4,38.7,0.2,True
2026-04-01,workday,21,临平,0,507,0.59,37.3,0.127,True
2026-04-01,workday,21,南苑,1,133,0.19,37.2,0.033,True
2026-04-01,workday,21,余杭高铁站,2,404,0.45,37.4,0.101,True
2026-04-01,workday,21,乔司,3,530,0.64,38.5,0.133,True
2026-04-01,workday,21,翁梅,4,483,0.91,36.1,0.121,True
2026-04-01,workday,21,客运中心,5,626,0.08,36.9,0.157,True
2026-04-01,workday,21,火车东站,6,871,0.88,39.1,0.158,True
2026-04-01,workday,21,闸弄口,7,427,1.01,36.4,0.107,True
2026-04-01,workday,21,打铁关,8,354,0.59,42.0,0.088,True
2026-04-01,workday,21,西湖文化广场,9,713,0.95,36.7,0.178,True
2026-04-01,workday,21,凤起路,10,817,0.8,36.0,0.204,True
2026-04-01,workday,21,龙翔桥,11,991,0.27,35.7,0.248,True
2026-04-01,workday,21,定安路,12,364,0.28,39.7,0.091,True
2026-04-01,workday,21,城站,13,641,0.66,41.4,0.117,True
2026-04-01,workday,22,临平,0,154,0.94,38.3,0.038,True
2026-04-01,workday,22,南苑,1,619,1.2,41.6,0.155,True
2026-04-01,workday,22,余杭高铁站,2,371,0.23,39.4,0.093,True
2026-04-01,workday,22,乔司,3,391,0.05,39.9,0.098,True
2026-04-01,workday,22,翁梅,4,261,0.98,40.7,0.065,True
2026-04-01,workday,22,客运中心,5,477,0.61,38.2,0.119,True
2026-04-01,workday,22,火车东站,6,651,1.56,37.2,0.118,True
2026-04-01,workday,22,闸弄口,7,408,0.88,38.2,0.102,True
2026-04-01,workday,22,打铁关,8,305,0.16,40.9,0.076,True
2026-04-01,workday,22,西湖文化广场,9,666,0.77,35.7,0.167,True
2026-04-01,workday,22,凤起路,10,555,0.7,37.8,0.139,True
2026-04-01,workday,22,龙翔桥,11,433,0.57,37.4,0.108,True
2026-04-01,workday,22,定安路,12,412,0.6,38.3,0.103,True
2026-04-01,workday,22,城站,13,732,0.63,39.2,0.133,True
2026-04-01,workday,23,临平,0,462,0.89,37.2,0.116,True
2026-04-01,workday,23,南苑,1,348,0.85,39.2,0.087,True
2026-04-01,workday,23,余杭高铁站,2,568,0.84,37.6,0.142,True
2026-04-01,workday,23,乔司,3,532,0.53,39.8,0.133,True
2026-04-01,workday,23,翁梅,4,678,0.96,41.4,0.17,True
2026-04-01,workday,23,客运中心,5,287,0.39,38.7,0.072,True
2026-04-01,workday,23,火车东站,6,659,0.74,38.0,0.12,True
2026-04-01,workday,23,闸弄口,7,565,0.91,38.9,0.141,True
2026-04-01,workday,23,打铁关,8,248,0.71,40.3,0.062,True
2026-04-01,workday,23,西湖文化广场,9,613,0.63,40.3,0.153,True
2026-04-01,workday,23,凤起路,10,397,0.47,39.8,0.099,True
2026-04-01,workday,23,龙翔桥,11,719,0.9,37.4,0.18,True
2026-04-01,workday,23,定安路,12,202,0.17,38.7,0.051,True
2026-04-01,workday,23,城站,13,718,0.88,35.7,0.131,True
2026-04-02,workday,6,临平,0,480,0.57,37.0,0.12,True
2026-04-02,workday,6,南苑,1,728,0.72,39.1,0.182,True
2026-04-02,workday,6,余杭高铁站,2,785,0.48,37.1,0.196,True
2026-04-02,workday,6,乔司,3,623,0.23,38.2,0.156,True
2026-04-02,workday,6,翁梅,4,406,0.87,39.4,0.102,True
2026-04-02,workday,6,客运中心,5,383,0.87,40.1,0.096,True
2026-04-02,workday,6,火车东站,6,562,0.41,38.0,0.102,True
2026-04-02,workday,6,闸弄口,7,227,0.86,38.8,0.057,True
2026-04-02,workday,6,打铁关,8,358,0.26,38.3,0.089,True
2026-04-02,workday,6,西湖文化广场,9,782,0.88,35.2,0.196,True
2026-04-02,workday,6,凤起路,10,331,0.76,38.3,0.083,True
2026-04-02,workday,6,龙翔桥,11,557,0.35,36.3,0.139,True
2026-04-02,workday,6,定安路,12,414,0.47,40.5,0.103,True
2026-04-02,workday,6,城站,13,589,0.33,39.8,0.107,True
2026-04-02,workday,7,临平,0,2491,1.77,30.0,0.623,True
2026-04-02,workday,7,南苑,1,2217,1.43,35.8,0.554,True
2026-04-02,workday,7,余杭高铁站,2,2081,1.65,36.0,0.52,True
2026-04-02,workday,7,乔司,3,2419,1.8,31.6,0.605,True
2026-04-02,workday,7,翁梅,4,2261,1.78,35.5,0.565,True
2026-04-02,workday,7,客运中心,5,2952,1.87,32.6,0.738,True
2026-04-02,workday,7,火车东站,6,4275,3.0,31.8,0.777,False
2026-04-02,workday,7,闸弄口,7,2296,1.52,33.0,0.574,True
2026-04-02,workday,7,打铁关,8,2117,1.58,32.2,0.529,True
2026-04-02,workday,7,西湖文化广场,9,3254,2.51,28.3,0.814,False
2026-04-02,workday,7,凤起路,10,2609,2.06,32.9,0.652,False
2026-04-02,workday,7,龙翔桥,11,3673,2.04,30.9,0.918,False
2026-04-02,workday,7,定安路,12,2555,2.51,33.1,0.639,False
2026-04-02,workday,7,城站,13,3534,2.42,32.6,0.643,False
2026-04-02,workday,8,临平,0,4830,3.43,25.9,1.0,False
2026-04-02,workday,8,南苑,1,5087,3.45,29.2,1.0,False
2026-04-02,workday,8,余杭高铁站,2,5027,3.38,29.3,1.0,False
2026-04-02,workday,8,乔司,3,4823,3.31,27.2,1.0,False
2026-04-02,workday,8,翁梅,4,5111,3.54,28.4,1.0,False
2026-04-02,workday,8,客运中心,5,6578,3.74,26.6,1.0,False
2026-04-02,workday,8,火车东站,6,9017,6.21,28.9,1.0,False
2026-04-02,workday,8,闸弄口,7,5196,3.55,28.2,1.0,False
2026-04-02,workday,8,打铁关,8,4925,3.32,26.8,1.0,False
2026-04-02,workday,8,西湖文化广场,9,6918,4.59,27.0,1.0,False
2026-04-02,workday,8,凤起路,10,6003,3.56,28.6,1.0,False
2026-04-02,workday,8,龙翔桥,11,8026,5.45,27.3,1.0,False
2026-04-02,workday,8,定安路,12,4923,3.75,27.8,1.0,False
2026-04-02,workday,8,城站,13,7797,4.76,27.6,1.0,False
2026-04-02,workday,9,临平,0,2120,0.69,32.5,0.53,True
2026-04-02,workday,9,南苑,1,2217,1.18,31.6,0.554,True
2026-04-02,workday,9,余杭高铁站,2,2380,0.54,32.3,0.595,True
2026-04-02,workday,9,乔司,3,2487,1.14,32.9,0.622,True
2026-04-02,workday,9,翁梅,4,2383,1.15,33.8,0.596,True
2026-04-02,workday,9,客运中心,5,3186,0.83,30.3,0.796,True
2026-04-02,workday,9,火车东站,6,4216,1.57,31.6,0.767,True
2026-04-02,workday,9,闸弄口,7,2485,0.85,30.5,0.621,True
2026-04-02,workday,9,打铁关,8,2480,1.0,31.7,0.62,True
2026-04-02,workday,9,西湖文化广场,9,3210,1.01,31.9,0.802,True
2026-04-02,workday,9,凤起路,10,2880,1.17,32.2,0.72,True
2026-04-02,workday,9,龙翔桥,11,3667,1.54,25.5,0.917,True
2026-04-02,workday,9,定安路,12,2113,0.91,33.0,0.528,True
2026-04-02,workday,9,城站,13,3291,1.34,31.4,0.598,True
2026-04-02,workday,10,临平,0,432,0.62,38.8,0.108,True
2026-04-02,workday,10,南苑,1,275,0.5,41.0,0.069,True
2026-04-02,workday,10,余杭高铁站,2,481,0.89,38.4,0.12,True
2026-04-02,workday,10,乔司,3,144,0.39,39.3,0.036,True
2026-04-02,workday,10,翁梅,4,595,0.96,38.8,0.149,True
2026-04-02,workday,10,客运中心,5,391,0.62,38.4,0.098,True
2026-04-02,workday,10,火车东站,6,683,0.27,39.2,0.124,True
2026-04-02,workday,10,闸弄口,7,395,0.82,36.6,0.099,True
2026-04-02,workday,10,打铁关,8,230,1.64,38.0,0.058,True
2026-04-02,workday,10,西湖文化广场,9,603,0.75,36.7,0.151,True
2026-04-02,workday,10,凤起路,10,739,0.63,38.0,0.185,True
2026-04-02,workday,10,龙翔桥,11,912,0.45,36.5,0.228,True
2026-04-02,workday,10,定安路,12,348,0.16,39.4,0.087,True
2026-04-02,workday,10,城站,13,670,0.69,39.5,0.122,True
2026-04-02,workday,11,临平,0,816,0.76,37.2,0.204,True
2026-04-02,workday,11,南苑,1,869,0.46,39.5,0.217,True
2026-04-02,workday,11,余杭高铁站,2,657,0.86,40.8,0.164,True
2026-04-02,workday,11,乔司,3,347,0.51,38.4,0.087,True
2026-04-02,workday,11,翁梅,4,942,0.57,41.3,0.235,True
2026-04-02,workday,11,客运中心,5,663,0.74,37.4,0.166,True
2026-04-02,workday,11,火车东站,6,1311,0.59,36.5,0.238,True
2026-04-02,workday,11,闸弄口,7,413,0.62,36.5,0.103,True
2026-04-02,workday,11,打铁关,8,490,0.62,38.4,0.122,True
2026-04-02,workday,11,西湖文化广场,9,1115,0.32,37.3,0.279,True
2026-04-02,workday,11,凤起路,10,872,0.58,36.2,0.218,True
2026-04-02,workday,11,龙翔桥,11,1086,0.98,36.2,0.272,True
2026-04-02,workday,11,定安路,12,813,0.58,40.2,0.203,True
2026-04-02,workday,11,城站,13,1034,0.65,35.3,0.188,True
2026-04-02,workday,12,临平,0,1161,0.85,36.2,0.29,True
2026-04-02,workday,12,南苑,1,1417,0.58,35.5,0.354,True
2026-04-02,workday,12,余杭高铁站,2,1281,0.84,35.8,0.32,True
2026-04-02,workday,12,乔司,3,1654,0.62,36.7,0.413,True
2026-04-02,workday,12,翁梅,4,1217,0.6,35.1,0.304,True
2026-04-02,workday,12,客运中心,5,1976,1.03,34.3,0.494,True
2026-04-02,workday,12,火车东站,6,2510,0.68,36.6,0.456,True
2026-04-02,workday,12,闸弄口,7,1583,0.81,35.3,0.396,True
2026-04-02,workday,12,打铁关,8,1472,0.74,35.3,0.368,True
2026-04-02,workday,12,西湖文化广场,9,1851,0.77,33.7,0.463,True
2026-04-02,workday,12,凤起路,10,1759,0.75,34.1,0.44,True
2026-04-02,workday,12,龙翔桥,11,2106,0.47,36.0,0.526,True
2026-04-02,workday,12,定安路,12,1451,1.05,34.8,0.363,True
2026-04-02,workday,12,城站,13,2281,1.0,37.2,0.415,True
2026-04-02,workday,13,临平,0,1373,0.76,35.1,0.343,True
2026-04-02,workday,13,南苑,1,1386,0.84,38.1,0.346,True
2026-04-02,workday,13,余杭高铁站,2,1606,0.85,37.0,0.402,True
2026-04-02,workday,13,乔司,3,967,0.55,37.5,0.242,True
2026-04-02,workday,13,翁梅,4,1508,0.93,35.4,0.377,True
2026-04-02,workday,13,客运中心,5,1718,0.6,37.7,0.429,True
2026-04-02,workday,13,火车东站,6,2643,1.42,34.2,0.481,True
2026-04-02,workday,13,闸弄口,7,1295,0.93,36.1,0.324,True
2026-04-02,workday,13,打铁关,8,1356,0.76,35.0,0.339,True
2026-04-02,workday,13,西湖文化广场,9,1794,0.79,32.5,0.449,True
2026-04-02,workday,13,凤起路,10,1740,1.1,33.6,0.435,True
2026-04-02,workday,13,龙翔桥,11,1926,1.0,34.6,0.481,True
2026-04-02,workday,13,定安路,12,1378,0.38,33.0,0.344,True
2026-04-02,workday,13,城站,13,2319,0.9,35.7,0.422,True
2026-04-02,workday,14,临平,0,676,0.76,36.1,0.169,True
2026-04-02,workday,14,南苑,1,619,0.22,36.5,0.155,True
2026-04-02,workday,14,余杭高铁站,2,580,0.07,37.6,0.145,True
2026-04-02,workday,14,乔司,3,580,0.26,38.1,0.145,True
2026-04-02,workday,14,翁梅,4,685,0.39,41.0,0.171,True
2026-04-02,workday,14,客运中心,5,1000,1.04,36.5,0.25,True
2026-04-02,workday,14,火车东站,6,1370,1.0,35.5,0.249,True
2026-04-02,workday,14,闸弄口,7,584,1.49,37.6,0.146,True
2026-04-02,workday,14,打铁关,8,759,0.59,39.0,0.19,True
2026-04-02,workday,14,西湖文化广场,9,812,0.36,39.3,0.203,True
2026-04-02,workday,14,凤起路,10,853,0,37.5,0.213,True
2026-04-02,workday,14,龙翔桥,11,1071,0.93,37.3,0.268,True
2026-04-02,workday,14,定安路,12,738,0.67,38.2,0.184,True
2026-04-02,workday,14,城站,13,857,0.43,36.8,0.156,True
2026-04-02,workday,15,临平,0,198,0.78,41.0,0.05,True
2026-04-02,workday,15,南苑,1,492,0.42,37.7,0.123,True
2026-04-02,workday,15,余杭高铁站,2,334,0.9,39.8,0.084,True
2026-04-02,workday,15,乔司,3,660,0.34,37.7,0.165,True
2026-04-02,workday,15,翁梅,4,210,0.12,39.1,0.052,True
2026-04-02,workday,15,客运中心,5,469,0.44,36.3,0.117,True
2026-04-02,workday,15,火车东站,6,749,0.56,39.7,0.136,True
2026-04-02,workday,15,闸弄口,7,482,0.2,39.2,0.12,True
2026-04-02,workday,15,打铁关,8,310,1.02,39.0,0.077,True
2026-04-02,workday,15,西湖文化广场,9,484,0.47,36.3,0.121,True
2026-04-02,workday,15,凤起路,10,671,1.27,35.4,0.168,True
2026-04-02,workday,15,龙翔桥,11,602,0.59,37.3,0.15,True
2026-04-02,workday,15,定安路,12,582,0.99,37.9,0.145,True
2026-04-02,workday,15,城站,13,910,0.69,37.7,0.165,True
2026-04-02,workday,16,临平,0,718,0.42,40.0,0.179,True
2026-04-02,workday,16,南苑,1,769,0.55,37.4,0.192,True
2026-04-02,workday,16,余杭高铁站,2,540,0.69,36.4,0.135,True
2026-04-02,workday,16,乔司,3,677,0.48,38.8,0.169,True
2026-04-02,workday,16,翁梅,4,833,0.9,37.3,0.208,True
2026-04-02,workday,16,客运中心,5,773,0.56,37.7,0.193,True
2026-04-02,workday,16,火车东站,6,1291,0.59,35.7,0.235,True
2026-04-02,workday,16,闸弄口,7,702,1.05,40.7,0.175,True
2026-04-02,workday,16,打铁关,8,795,0.36,39.7,0.199,True
2026-04-02,workday,16,西湖文化广场,9,820,0.43,38.2,0.205,True
2026-04-02,workday,16,凤起路,10,604,0.86,38.1,0.151,True
2026-04-02,workday,16,龙翔桥,11,1142,0.48,37.8,0.285,True
2026-04-02,workday,16,定安路,12,753,0.54,39.2,0.188,True
2026-04-02,workday,16,城站,13,615,0.73,38.5,0.112,True
2026-04-02,workday,17,临平,0,2913,2.3,32.0,0.728,False
2026-04-02,workday,17,南苑,1,2922,2.22,31.2,0.731,False
2026-04-02,workday,17,余杭高铁站,2,3091,2.72,30.0,0.773,False
2026-04-02,workday,17,乔司,3,3230,2.05,30.8,0.807,False
2026-04-02,workday,17,翁梅,4,2774,2.19,32.8,0.694,False
2026-04-02,workday,17,客运中心,5,4245,3.06,26.9,1.0,False
2026-04-02,workday,17,火车东站,6,5612,3.88,28.1,1.0,False
2026-04-02,workday,17,闸弄口,7,3170,2.73,27.9,0.792,False
2026-04-02,workday,17,打铁关,8,3040,2.32,29.3,0.76,False
2026-04-02,workday,17,西湖文化广场,9,4002,2.88,27.3,1.0,False
2026-04-02,workday,17,凤起路,10,3530,2.58,28.9,0.882,False
2026-04-02,workday,17,龙翔桥,11,4854,3.89,28.0,1.0,False
2026-04-02,workday,17,定安路,12,3314,2.86,31.5,0.829,False
2026-04-02,workday,17,城站,13,4439,3.08,28.9,0.807,False
2026-04-02,workday,18,临平,0,5062,3.52,28.7,1.0,False
2026-04-02,workday,18,南苑,1,5045,3.58,27.5,1.0,False
2026-04-02,workday,18,余杭高铁站,2,4854,3.28,29.1,1.0,False
2026-04-02,workday,18,乔司,3,4975,3.47,29.3,1.0,False
2026-04-02,workday,18,翁梅,4,5073,3.1,27.9,1.0,False
2026-04-02,workday,18,客运中心,5,6369,4.31,28.6,1.0,False
2026-04-02,workday,18,火车东站,6,9076,6.44,27.2,1.0,False
2026-04-02,workday,18,闸弄口,7,4955,3.65,29.4,1.0,False
2026-04-02,workday,18,打铁关,8,4845,3.61,29.0,1.0,False
2026-04-02,workday,18,西湖文化广场,9,6977,4.6,29.1,1.0,False
2026-04-02,workday,18,凤起路,10,6064,4.26,26.9,1.0,False
2026-04-02,workday,18,龙翔桥,11,7741,5.12,27.6,1.0,False
2026-04-02,workday,18,定安路,12,5068,3.31,29.0,1.0,False
2026-04-02,workday,18,城站,13,7561,4.81,29.4,1.0,False
2026-04-02,workday,19,临平,0,2981,0.89,31.4,0.745,True
2026-04-02,workday,19,南苑,1,3030,0.83,31.8,0.757,True
2026-04-02,workday,19,余杭高铁站,2,3031,0.88,28.3,0.758,True
2026-04-02,workday,19,乔司,3,3096,1.15,30.9,0.774,True
2026-04-02,workday,19,翁梅,4,3239,0.4,32.2,0.81,True
2026-04-02,workday,19,客运中心,5,4147,1.04,29.5,1.0,True
2026-04-02,workday,19,火车东站,6,5336,1.25,28.2,0.97,True
2026-04-02,workday,19,闸弄口,7,3306,1.27,30.2,0.827,True
2026-04-02,workday,19,打铁关,8,3165,0.95,32.8,0.791,True
2026-04-02,workday,19,西湖文化广场,9,4481,1.52,26.8,1.0,True
2026-04-02,workday,19,凤起路,10,3799,1.35,29.6,0.95,True
2026-04-02,workday,19,龙翔桥,11,5022,1.64,26.6,1.0,True
2026-04-02,workday,19,定安路,12,3256,1.23,30.7,0.814,True
2026-04-02,workday,19,城站,13,4641,1.52,31.0,0.844,True
2026-04-02,workday,20,临平,0,706,0.59,37.1,0.176,True
2026-04-02,workday,20,南苑,1,599,0.53,39.7,0.15,True
2026-04-02,workday,20,余杭高铁站,2,626,0.59,38.0,0.157,True
2026-04-02,workday,20,乔司,3,756,0.85,40.7,0.189,True
2026-04-02,workday,20,翁梅,4,467,0.53,39.5,0.117,True
2026-04-02,workday,20,客运中心,5,626,1.15,37.9,0.157,True
2026-04-02,workday,20,火车东站,6,1098,1.01,34.3,0.2,True
2026-04-02,workday,20,闸弄口,7,708,0.34,37.9,0.177,True
2026-04-02,workday,20,打铁关,8,732,0.88,38.4,0.183,True
2026-04-02,workday,20,西湖文化广场,9,1260,0.77,35.7,0.315,True
2026-04-02,workday,20,凤起路,10,995,0.68,37.6,0.249,True
2026-04-02,workday,20,龙翔桥,11,492,0.73,38.4,0.123,True
2026-04-02,workday,20,定安路,12,611,0.43,39.5,0.153,True
2026-04-02,workday,20,城站,13,708,1.59,40.2,0.129,True
2026-04-02,workday,21,临平,0,455,1.16,39.0,0.114,True
2026-04-02,workday,21,南苑,1,265,0.86,36.8,0.066,True
2026-04-02,workday,21,余杭高铁站,2,490,0.96,39.3,0.122,True
2026-04-02,workday,21,乔司,3,182,0.6,39.3,0.045,True
2026-04-02,workday,21,翁梅,4,288,0,37.4,0.072,True
2026-04-02,workday,21,客运中心,5,444,0.93,42.8,0.111,True
2026-04-02,workday,21,火车东站,6,848,0.43,37.5,0.154,True
2026-04-02,workday,21,闸弄口,7,562,0.8,38.9,0.141,True
2026-04-02,workday,21,打铁关,8,435,0.95,42.0,0.109,True
2026-04-02,workday,21,西湖文化广场,9,561,0.66,39.1,0.14,True
2026-04-02,workday,21,凤起路,10,410,0,39.5,0.102,True
2026-04-02,workday,21,龙翔桥,11,529,1.0,38.7,0.132,True
2026-04-02,workday,21,定安路,12,624,0.37,39.8,0.156,True
2026-04-02,workday,21,城站,13,355,0.85,38.9,0.065,True
2026-04-02,workday,22,临平,0,540,0.5,39.4,0.135,True
2026-04-02,workday,22,南苑,1,475,0.71,39.2,0.119,True
2026-04-02,workday,22,余杭高铁站,2,652,0.46,40.1,0.163,True
2026-04-02,workday,22,乔司,3,346,0.93,42.5,0.086,True
2026-04-02,workday,22,翁梅,4,280,0,39.4,0.07,True
2026-04-02,workday,22,客运中心,5,416,0.43,38.3,0.104,True
2026-04-02,workday,22,火车东站,6,639,1.06,40.3,0.116,True
2026-04-02,workday,22,闸弄口,7,573,1.31,37.1,0.143,True
2026-04-02,workday,22,打铁关,8,50,1.12,40.2,0.013,True
2026-04-02,workday,22,西湖文化广场,9,551,0.07,36.3,0.138,True
2026-04-02,workday,22,凤起路,10,583,0.57,35.0,0.146,True
2026-04-02,workday,22,龙翔桥,11,498,0.91,40.4,0.124,True
2026-04-02,workday,22,定安路,12,432,1.44,40.2,0.108,True
2026-04-02,workday,22,城站,13,871,1.07,39.4,0.158,True
2026-04-02,workday,23,临平,0,199,0.06,38.3,0.05,True
2026-04-02,workday,23,南苑,1,438,0.59,39.2,0.11,True
2026-04-02,workday,23,余杭高铁站,2,397,0.72,40.3,0.099,True
2026-04-02,workday,23,乔司,3,401,0.49,34.9,0.1,True
2026-04-02,workday,23,翁梅,4,530,0.37,37.0,0.133,True
2026-04-02,workday,23,客运中心,5,650,0.91,39.1,0.163,True
2026-04-02,workday,23,火车东站,6,862,0.34,37.8,0.157,True
2026-04-02,workday,23,闸弄口,7,317,1.08,40.3,0.079,True
2026-04-02,workday,23,打铁关,8,363,0.83,39.5,0.091,True
2026-04-02,workday,23,西湖文化广场,9,542,0.75,39.6,0.136,True
2026-04-02,workday,23,凤起路,10,458,0.22,39.2,0.115,True
2026-04-02,workday,23,龙翔桥,11,600,0.28,37.0,0.15,True
2026-04-02,workday,23,定安路,12,362,0.58,39.8,0.09,True
2026-04-02,workday,23,城站,13,568,0.75,38.2,0.103,True
2026-04-03,workday,6,临平,0,481,0.72,39.4,0.12,True
2026-04-03,workday,6,南苑,1,615,0.54,35.8,0.154,True
2026-04-03,workday,6,余杭高铁站,2,388,0.82,38.9,0.097,True
2026-04-03,workday,6,乔司,3,447,0.07,37.4,0.112,True
2026-04-03,workday,6,翁梅,4,480,0.83,37.4,0.12,True
2026-04-03,workday,6,客运中心,5,575,0.4,36.5,0.144,True
2026-04-03,workday,6,火车东站,6,730,0.71,39.0,0.133,True
2026-04-03,workday,6,闸弄口,7,509,1.1,39.9,0.127,True
2026-04-03,workday,6,打铁关,8,345,0.85,36.8,0.086,True
2026-04-03,workday,6,西湖文化广场,9,575,0.93,39.3,0.144,True
2026-04-03,workday,6,凤起路,10,604,1.19,37.1,0.151,True
2026-04-03,workday,6,龙翔桥,11,759,0.62,39.4,0.19,True
2026-04-03,workday,6,定安路,12,417,0.82,41.1,0.104,True
2026-04-03,workday,6,城站,13,694,0.58,37.9,0.126,True
2026-04-03,workday,7,临平,0,2185,2.12,35.4,0.546,False
2026-04-03,workday,7,南苑,1,2252,1.31,32.3,0.563,True
2026-04-03,workday,7,余杭高铁站,2,2354,1.63,30.0,0.589,True
2026-04-03,workday,7,乔司,3,2222,1.22,33.8,0.555,True
2026-04-03,workday,7,翁梅,4,2229,1.86,35.3,0.557,True
2026-04-03,workday,7,客运中心,5,2839,1.56,31.4,0.71,True
2026-04-03,workday,7,火车东站,6,4190,2.59,30.3,0.762,False
2026-04-03,workday,7,闸弄口,7,2237,1.85,32.4,0.559,True
2026-04-03,workday,7,打铁关,8,2688,2.03,32.2,0.672,False
2026-04-03,workday,7,西湖文化广场,9,3132,1.59,32.7,0.783,True
2026-04-03,workday,7,凤起路,10,2273,2.27,31.2,0.568,False
2026-04-03,workday,7,龙翔桥,11,3458,2.54,32.9,0.865,False
2026-04-03,workday,7,定安路,12,2337,1.84,31.8,0.584,True
2026-04-03,workday,7,城站,13,3531,2.51,33.4,0.642,False
2026-04-03,workday,8,临平,0,4705,3.48,28.5,1.0,False
2026-04-03,workday,8,南苑,1,4795,3.07,27.8,1.0,False
2026-04-03,workday,8,余杭高铁站,2,4927,3.54,25.8,1.0,False
2026-04-03,workday,8,乔司,3,4867,4.05,26.7,1.0,False
2026-04-03,workday,8,翁梅,4,4936,3.41,27.6,1.0,False
2026-04-03,workday,8,客运中心,5,6681,4.34,29.3,1.0,False
2026-04-03,workday,8,火车东站,6,8871,6.05,27.7,1.0,False
2026-04-03,workday,8,闸弄口,7,4973,3.46,28.8,1.0,False
2026-04-03,workday,8,打铁关,8,4820,3.1,31.1,1.0,False
2026-04-03,workday,8,西湖文化广场,9,7075,4.64,29.0,1.0,False
2026-04-03,workday,8,凤起路,10,5990,3.42,28.2,1.0,False
2026-04-03,workday,8,龙翔桥,11,7981,5.39,26.8,1.0,False
2026-04-03,workday,8,定安路,12,4966,3.82,27.8,1.0,False
2026-04-03,workday,8,城站,13,7435,5.07,27.4,1.0,False
2026-04-03,workday,9,临平,0,2449,0.94,33.2,0.612,True
2026-04-03,workday,9,南苑,1,2183,0.56,34.5,0.546,True
2026-04-03,workday,9,余杭高铁站,2,2328,1.16,34.1,0.582,True
2026-04-03,workday,9,乔司,3,2068,0.95,30.8,0.517,True
2026-04-03,workday,9,翁梅,4,2367,0.65,33.6,0.592,True
2026-04-03,workday,9,客运中心,5,3084,0.95,30.7,0.771,True
2026-04-03,workday,9,火车东站,6,4303,0.86,31.6,0.782,True
2026-04-03,workday,9,闸弄口,7,2306,1.25,30.6,0.577,True
2026-04-03,workday,9,打铁关,8,2289,1.29,35.2,0.572,True
2026-04-03,workday,9,西湖文化广场,9,3089,1.03,33.5,0.772,True
2026-04-03,workday,9,凤起路,10,2534,0.99,32.7,0.633,True
2026-04-03,workday,9,龙翔桥,11,3688,0.96,30.4,0.922,True
2026-04-03,workday,9,定安路,12,2422,1.53,31.5,0.606,True
2026-04-03,workday,9,城站,13,3361,1.5,35.4,0.611,True
2026-04-03,workday,10,临平,0,398,0.12,38.5,0.1,True
2026-04-03,workday,10,南苑,1,544,0.81,40.0,0.136,True
2026-04-03,workday,10,余杭高铁站,2,688,0.51,36.6,0.172,True
2026-04-03,workday,10,乔司,3,219,0.51,40.9,0.055,True
2026-04-03,workday,10,翁梅,4,659,0.7,38.0,0.165,True
2026-04-03,workday,10,客运中心,5,500,0.97,37.4,0.125,True
2026-04-03,workday,10,火车东站,6,704,0.62,38.4,0.128,True
2026-04-03,workday,10,闸弄口,7,671,0.37,41.7,0.168,True
2026-04-03,workday,10,打铁关,8,301,0.31,38.1,0.075,True
2026-04-03,workday,10,西湖文化广场,9,657,0.63,39.7,0.164,True
2026-04-03,workday,10,凤起路,10,356,0.07,38.4,0.089,True
2026-04-03,workday,10,龙翔桥,11,681,0.2,37.8,0.17,True
2026-04-03,workday,10,定安路,12,480,0.35,37.3,0.12,True
2026-04-03,workday,10,城站,13,435,0.54,39.7,0.079,True
2026-04-03,workday,11,临平,0,1098,1.07,34.8,0.275,True
2026-04-03,workday,11,南苑,1,456,0.56,41.0,0.114,True
2026-04-03,workday,11,余杭高铁站,2,785,0.5,39.2,0.196,True
2026-04-03,workday,11,乔司,3,893,1.12,35.7,0.223,True
2026-04-03,workday,11,翁梅,4,752,0.27,36.5,0.188,True
2026-04-03,workday,11,客运中心,5,700,0.56,35.7,0.175,True
2026-04-03,workday,11,火车东站,6,1352,0.77,35.8,0.246,True
2026-04-03,workday,11,闸弄口,7,759,1.11,38.2,0.19,True
2026-04-03,workday,11,打铁关,8,599,0.53,38.0,0.15,True
2026-04-03,workday,11,西湖文化广场,9,856,0.16,36.9,0.214,True
2026-04-03,workday,11,凤起路,10,1010,0.45,34.1,0.253,True
2026-04-03,workday,11,龙翔桥,11,1085,1.05,34.2,0.271,True
2026-04-03,workday,11,定安路,12,715,0.77,38.7,0.179,True
2026-04-03,workday,11,城站,13,1113,0.91,35.2,0.202,True
2026-04-03,workday,12,临平,0,1467,1.21,35.3,0.367,True
2026-04-03,workday,12,南苑,1,1430,0.48,37.7,0.357,True
2026-04-03,workday,12,余杭高铁站,2,1282,1.25,35.6,0.321,True
2026-04-03,workday,12,乔司,3,1476,0.64,38.4,0.369,True
2026-04-03,workday,12,翁梅,4,1079,0.83,33.6,0.27,True
2026-04-03,workday,12,客运中心,5,1607,1.39,36.5,0.402,True
2026-04-03,workday,12,火车东站,6,2173,0.93,34.3,0.395,True
2026-04-03,workday,12,闸弄口,7,1460,1.35,36.6,0.365,True
2026-04-03,workday,12,打铁关,8,1440,0.94,34.0,0.36,True
2026-04-03,workday,12,西湖文化广场,9,2030,1.18,33.0,0.507,True
2026-04-03,workday,12,凤起路,10,1553,1.25,35.7,0.388,True
2026-04-03,workday,12,龙翔桥,11,2029,0.78,33.2,0.507,True
2026-04-03,workday,12,定安路,12,1365,0.75,35.5,0.341,True
2026-04-03,workday,12,城站,13,2314,1.21,37.2,0.421,True
2026-04-03,workday,13,临平,0,1121,0.76,38.4,0.28,True
2026-04-03,workday,13,南苑,1,1484,0.59,34.4,0.371,True
2026-04-03,workday,13,余杭高铁站,2,1519,0.74,36.4,0.38,True
2026-04-03,workday,13,乔司,3,1398,0.74,36.0,0.349,True
2026-04-03,workday,13,翁梅,4,1250,1.26,37.1,0.312,True
2026-04-03,workday,13,客运中心,5,1997,0.74,33.2,0.499,True
2026-04-03,workday,13,火车东站,6,2427,0.73,35.7,0.441,True
2026-04-03,workday,13,闸弄口,7,1482,0.64,35.1,0.37,True
2026-04-03,workday,13,打铁关,8,1431,0.56,35.1,0.358,True
2026-04-03,workday,13,西湖文化广场,9,2159,0.71,32.7,0.54,True
2026-04-03,workday,13,凤起路,10,2026,0.27,32.2,0.506,True
2026-04-03,workday,13,龙翔桥,11,2470,0.87,33.3,0.618,True
2026-04-03,workday,13,定安路,12,1693,0.62,34.0,0.423,True
2026-04-03,workday,13,城站,13,2124,0.9,34.6,0.386,True
2026-04-03,workday,14,临平,0,666,0.23,38.7,0.167,True
2026-04-03,workday,14,南苑,1,811,0.61,37.2,0.203,True
2026-04-03,workday,14,余杭高铁站,2,769,0.49,37.2,0.192,True
2026-04-03,workday,14,乔司,3,676,1.08,37.9,0.169,True
2026-04-03,workday,14,翁梅,4,669,0.58,37.4,0.167,True
2026-04-03,workday,14,客运中心,5,748,0.37,39.0,0.187,True
2026-04-03,workday,14,火车东站,6,1150,0.76,36.8,0.209,True
2026-04-03,workday,14,闸弄口,7,487,0.46,40.6,0.122,True
2026-04-03,workday,14,打铁关,8,624,0.42,37.5,0.156,True
2026-04-03,workday,14,西湖文化广场,9,911,0.75,36.6,0.228,True
2026-04-03,workday,14,凤起路,10,809,0.51,38.1,0.202,True
2026-04-03,workday,14,龙翔桥,11,1145,0.79,37.5,0.286,True
2026-04-03,workday,14,定安路,12,671,1.0,38.7,0.168,True
2026-04-03,workday,14,城站,13,1253,0.73,37.7,0.228,True
2026-04-03,workday,15,临平,0,297,0.56,40.3,0.074,True
2026-04-03,workday,15,南苑,1,345,1.02,39.0,0.086,True
2026-04-03,workday,15,余杭高铁站,2,637,0.31,37.7,0.159,True
2026-04-03,workday,15,乔司,3,325,0.87,40.0,0.081,True
2026-04-03,workday,15,翁梅,4,388,0.44,38.8,0.097,True
2026-04-03,workday,15,客运中心,5,628,0.88,38.0,0.157,True
2026-04-03,workday,15,火车东站,6,652,0.66,38.8,0.119,True
2026-04-03,workday,15,闸弄口,7,437,0.45,41.3,0.109,True
2026-04-03,workday,15,打铁关,8,305,1.01,41.2,0.076,True
2026-04-03,workday,15,西湖文化广场,9,702,1.2,38.7,0.175,True
2026-04-03,workday,15,凤起路,10,432,0.43,37.7,0.108,True
2026-04-03,workday,15,龙翔桥,11,765,0.21,35.6,0.191,True
2026-04-03,workday,15,定安路,12,629,0.93,38.7,0.157,True
2026-04-03,workday,15,城站,13,738,0.88,38.1,0.134,True
2026-04-03,workday,16,临平,0,456,0.98,39.3,0.114,True
2026-04-03,workday,16,南苑,1,470,0.64,37.9,0.117,True
2026-04-03,workday,16,余杭高铁站,2,659,0.53,38.8,0.165,True
2026-04-03,workday,16,乔司,3,645,0.28,39.1,0.161,True
2026-04-03,workday,16,翁梅,4,749,0.22,38.4,0.187,True
2026-04-03,workday,16,客运中心,5,1012,0.66,37.2,0.253,True
2026-04-03,workday,16,火车东站,6,1103,0.2,38.4,0.201,True
2026-04-03,workday,16,闸弄口,7,663,0.76,37.7,0.166,True
2026-04-03,workday,16,打铁关,8,637,0.68,38.0,0.159,True
2026-04-03,workday,16,西湖文化广场,9,1077,0.59,34.6,0.269,True
2026-04-03,workday,16,凤起路,10,833,0.28,33.7,0.208,True
2026-04-03,workday,16,龙翔桥,11,918,0.55,36.0,0.23,True
2026-04-03,workday,16,定安路,12,446,0.52,40.5,0.112,True
2026-04-03,workday,16,城站,13,1139,0.73,38.9,0.207,True
2026-04-03,workday,17,临平,0,2966,2.02,32.1,0.742,False
2026-04-03,workday,17,南苑,1,2870,2.32,31.3,0.718,False
2026-04-03,workday,17,余杭高铁站,2,2978,2.15,32.8,0.745,False
2026-04-03,workday,17,乔司,3,2794,2.26,31.2,0.699,False
2026-04-03,workday,17,翁梅,4,2921,2.26,31.7,0.73,False
2026-04-03,workday,17,客运中心,5,3933,2.93,30.3,0.983,False
2026-04-03,workday,17,火车东站,6,5368,3.85,25.7,0.976,False
2026-04-03,workday,17,闸弄口,7,3101,1.8,31.6,0.775,True
2026-04-03,workday,17,打铁关,8,2961,2.33,28.9,0.74,False
2026-04-03,workday,17,西湖文化广场,9,4249,3.3,28.9,1.0,False
2026-04-03,workday,17,凤起路,10,3636,2.68,30.8,0.909,False
2026-04-03,workday,17,龙翔桥,11,4962,3.29,27.1,1.0,False
2026-04-03,workday,17,定安路,12,2930,2.25,29.5,0.733,False
2026-04-03,workday,17,城站,13,4225,2.97,31.2,0.768,False
2026-04-03,workday,18,临平,0,5027,3.84,26.1,1.0,False
2026-04-03,workday,18,南苑,1,4923,3.02,28.4,1.0,False
2026-04-03,workday,18,余杭高铁站,2,4984,3.35,28.1,1.0,False
2026-04-03,workday,18,乔司,3,4893,3.13,30.4,1.0,False
2026-04-03,workday,18,翁梅,4,5121,3.52,25.7,1.0,False
2026-04-03,workday,18,客运中心,5,6467,4.55,28.3,1.0,False
2026-04-03,workday,18,火车东站,6,9151,6.36,27.9,1.0,False
2026-04-03,workday,18,闸弄口,7,4929,3.31,27.4,1.0,False
2026-04-03,workday,18,打铁关,8,5135,3.45,25.5,1.0,False
2026-04-03,workday,18,西湖文化广场,9,7069,4.71,27.3,1.0,False
2026-04-03,workday,18,凤起路,10,5705,4.27,29.0,1.0,False
2026-04-03,workday,18,龙翔桥,11,7829,5.24,26.4,1.0,False
2026-04-03,workday,18,定安路,12,4795,2.75,29.2,1.0,False
2026-04-03,workday,18,城站,13,7631,4.99,27.9,1.0,False
2026-04-03,workday,19,临平,0,3295,0.93,28.3,0.824,True
2026-04-03,workday,19,南苑,1,3051,1.28,30.4,0.763,True
2026-04-03,workday,19,余杭高铁站,2,2818,0.83,32.6,0.705,True
2026-04-03,workday,19,乔司,3,3139,0.63,28.7,0.785,True
2026-04-03,workday,19,翁梅,4,2884,1.07,34.7,0.721,True
2026-04-03,workday,19,客运中心,5,3899,1.3,27.1,0.975,True
2026-04-03,workday,19,火车东站,6,5846,1.49,27.2,1.0,True
2026-04-03,workday,19,闸弄口,7,3056,0.71,32.0,0.764,True
2026-04-03,workday,19,打铁关,8,3031,0.85,30.0,0.758,True
2026-04-03,workday,19,西湖文化广场,9,3961,1.13,24.7,0.99,True
2026-04-03,workday,19,凤起路,10,3571,1.07,28.4,0.893,True
2026-04-03,workday,19,龙翔桥,11,4764,1.2,29.9,1.0,True
2026-04-03,workday,19,定安路,12,3248,1.1,32.0,0.812,True
2026-04-03,workday,19,城站,13,4503,1.31,28.9,0.819,True
2026-04-03,workday,20,临平,0,781,0.84,35.7,0.195,True
2026-04-03,workday,20,南苑,1,700,0.48,36.5,0.175,True
2026-04-03,workday,20,余杭高铁站,2,672,0.06,37.3,0.168,True
2026-04-03,workday,20,乔司,3,960,0.82,35.4,0.24,True
2026-04-03,workday,20,翁梅,4,759,0.68,37.2,0.19,True
2026-04-03,workday,20,客运中心,5,791,0.66,36.7,0.198,True
2026-04-03,workday,20,火车东站,6,1192,0.96,38.6,0.217,True
2026-04-03,workday,20,闸弄口,7,482,0.46,41.0,0.12,True
2026-04-03,workday,20,打铁关,8,946,0.8,39.6,0.236,True
2026-04-03,workday,20,西湖文化广场,9,1128,0.69,33.6,0.282,True
2026-04-03,workday,20,凤起路,10,802,0.28,37.8,0.201,True
2026-04-03,workday,20,龙翔桥,11,1344,0.84,34.8,0.336,True
2026-04-03,workday,20,定安路,12,501,0.01,35.6,0.125,True
2026-04-03,workday,20,城站,13,1259,1.01,37.1,0.229,True
2026-04-03,workday,21,临平,0,377,0.56,38.9,0.094,True
2026-04-03,workday,21,南苑,1,608,0.74,35.2,0.152,True
2026-04-03,workday,21,余杭高铁站,2,559,0.03,37.7,0.14,True
2026-04-03,workday,21,乔司,3,192,0.55,37.5,0.048,True
2026-04-03,workday,21,翁梅,4,193,0.22,40.6,0.048,True
2026-04-03,workday,21,客运中心,5,492,0.8,40.6,0.123,True
2026-04-03,workday,21,火车东站,6,755,0.82,36.9,0.137,True
2026-04-03,workday,21,闸弄口,7,387,0.23,39.7,0.097,True
2026-04-03,workday,21,打铁关,8,535,0.9,38.3,0.134,True
2026-04-03,workday,21,西湖文化广场,9,694,0.6,37.1,0.173,True
2026-04-03,workday,21,凤起路,10,555,0.83,41.6,0.139,True
2026-04-03,workday,21,龙翔桥,11,749,0.32,36.3,0.187,True
2026-04-03,workday,21,定安路,12,204,0.56,37.7,0.051,True
2026-04-03,workday,21,城站,13,804,0.57,39.2,0.146,True
2026-04-03,workday,22,临平,0,422,0.69,37.2,0.105,True
2026-04-03,workday,22,南苑,1,394,0.45,38.7,0.099,True
2026-04-03,workday,22,余杭高铁站,2,418,0.79,38.1,0.104,True
2026-04-03,workday,22,乔司,3,523,0.7,40.9,0.131,True
2026-04-03,workday,22,翁梅,4,50,0.32,41.7,0.013,True
2026-04-03,workday,22,客运中心,5,141,0.97,39.7,0.035,True
2026-04-03,workday,22,火车东站,6,413,0.8,37.5,0.075,True
2026-04-03,workday,22,闸弄口,7,263,0.99,38.6,0.066,True
2026-04-03,workday,22,打铁关,8,256,1.15,40.6,0.064,True
2026-04-03,workday,22,西湖文化广场,9,509,0.36,38.2,0.127,True
2026-04-03,workday,22,凤起路,10,716,0.35,35.9,0.179,True
2026-04-03,workday,22,龙翔桥,11,831,0.58,37.7,0.208,True
2026-04-03,workday,22,定安路,12,478,0.48,34.9,0.119,True
2026-04-03,workday,22,城站,13,568,0.99,42.0,0.103,True
2026-04-03,workday,23,临平,0,382,0.57,40.9,0.096,True
2026-04-03,workday,23,南苑,1,489,0.69,35.6,0.122,True
2026-04-03,workday,23,余杭高铁站,2,337,0.63,36.7,0.084,True
2026-04-03,workday,23,乔司,3,345,1.08,38.6,0.086,True
2026-04-03,workday,23,翁梅,4,184,0,39.4,0.046,True
2026-04-03,workday,23,客运中心,5,433,0.33,39.0,0.108,True
2026-04-03,workday,23,火车东站,6,762,0.7,38.9,0.139,True
2026-04-03,workday,23,闸弄口,7,215,0.35,38.9,0.054,True
2026-04-03,workday,23,打铁关,8,391,0.88,37.7,0.098,True
2026-04-03,workday,23,西湖文化广场,9,443,1.03,38.9,0.111,True
2026-04-03,workday,23,凤起路,10,270,0.46,37.3,0.068,True
2026-04-03,workday,23,龙翔桥,11,469,0.19,37.4,0.117,True
2026-04-03,workday,23,定安路,12,708,0.94,39.9,0.177,True
2026-04-03,workday,23,城站,13,763,0.61,38.9,0.139,True
2026-04-04,weekend,6,临平,0,515,0.28,36.7,0.129,True
2026-04-04,weekend,6,南苑,1,635,0.26,38.4,0.159,True
2026-04-04,weekend,6,余杭高铁站,2,597,0.85,38.8,0.149,True
2026-04-04,weekend,6,乔司,3,319,0.73,38.8,0.08,True
2026-04-04,weekend,6,翁梅,4,353,0,39.6,0.088,True
2026-04-04,weekend,6,客运中心,5,417,0.07,41.4,0.104,True
2026-04-04,weekend,6,火车东站,6,719,0.52,38.5,0.131,True
2026-04-04,weekend,6,闸弄口,7,510,0.3,37.4,0.128,True
2026-04-04,weekend,6,打铁关,8,620,0.54,38.1,0.155,True
2026-04-04,weekend,6,西湖文化广场,9,375,0.4,40.2,0.094,True
2026-04-04,weekend,6,凤起路,10,490,0.31,39.1,0.122,True
2026-04-04,weekend,6,龙翔桥,11,889,0.78,36.5,0.222,True
2026-04-04,weekend,6,定安路,12,612,1.11,39.9,0.153,True
2026-04-04,weekend,6,城站,13,515,1.48,36.9,0.094,True
2026-04-04,weekend,7,临平,0,316,0.78,38.9,0.079,True
2026-04-04,weekend,7,南苑,1,554,1.23,39.7,0.139,True
2026-04-04,weekend,7,余杭高铁站,2,365,0.74,40.4,0.091,True
2026-04-04,weekend,7,乔司,3,657,1.23,39.3,0.164,True
2026-04-04,weekend,7,翁梅,4,606,0.71,36.2,0.151,True
2026-04-04,weekend,7,客运中心,5,713,0.79,39.7,0.178,True
2026-04-04,weekend,7,火车东站,6,769,0.85,37.7,0.14,True
2026-04-04,weekend,7,闸弄口,7,645,1.11,38.1,0.161,True
2026-04-04,weekend,7,打铁关,8,543,1.31,35.7,0.136,True
2026-04-04,weekend,7,西湖文化广场,9,812,1.31,39.4,0.203,True
2026-04-04,weekend,7,凤起路,10,720,0.7,37.0,0.18,True
2026-04-04,weekend,7,龙翔桥,11,899,0.86,37.0,0.225,True
2026-04-04,weekend,7,定安路,12,274,0.31,39.7,0.069,True
2026-04-04,weekend,7,城站,13,686,0.68,38.2,0.125,True
2026-04-04,weekend,8,临平,0,879,0.95,37.6,0.22,True
2026-04-04,weekend,8,南苑,1,847,0.93,37.4,0.212,True
2026-04-04,weekend,8,余杭高铁站,2,701,0.77,35.1,0.175,True
2026-04-04,weekend,8,乔司,3,659,0.54,37.4,0.165,True
2026-04-04,weekend,8,翁梅,4,1003,1.1,37.2,0.251,True
2026-04-04,weekend,8,客运中心,5,942,1.15,39.7,0.235,True
2026-04-04,weekend,8,火车东站,6,1488,1.15,35.0,0.271,True
2026-04-04,weekend,8,闸弄口,7,873,0.74,38.5,0.218,True
2026-04-04,weekend,8,打铁关,8,682,0.41,38.7,0.171,True
2026-04-04,weekend,8,西湖文化广场,9,973,1.27,38.6,0.243,True
2026-04-04,weekend,8,凤起路,10,912,1.11,39.4,0.228,True
2026-04-04,weekend,8,龙翔桥,11,1264,1.74,35.7,0.316,True
2026-04-04,weekend,8,定安路,12,693,0.95,38.3,0.173,True
2026-04-04,weekend,8,城站,13,1421,1.62,37.5,0.258,True
2026-04-04,weekend,9,临平,0,1558,0.87,36.5,0.39,True
2026-04-04,weekend,9,南苑,1,1382,0.45,36.2,0.345,True
2026-04-04,weekend,9,余杭高铁站,2,1863,1.11,33.4,0.466,True
2026-04-04,weekend,9,乔司,3,1669,0.27,34.6,0.417,True
2026-04-04,weekend,9,翁梅,4,1519,0.6,34.5,0.38,True
2026-04-04,weekend,9,客运中心,5,1872,0.71,33.2,0.468,True
2026-04-04,weekend,9,火车东站,6,2465,0.52,33.2,0.448,True
2026-04-04,weekend,9,闸弄口,7,1445,1.09,34.7,0.361,True
2026-04-04,weekend,9,打铁关,8,1278,1.24,34.4,0.32,True
2026-04-04,weekend,9,西湖文化广场,9,2058,0.63,32.8,0.514,True
2026-04-04,weekend,9,凤起路,10,1810,1.0,36.5,0.453,True
2026-04-04,weekend,9,龙翔桥,11,2436,1.03,33.6,0.609,True
2026-04-04,weekend,9,定安路,12,1305,1.12,36.9,0.326,True
2026-04-04,weekend,9,城站,13,2263,1.13,32.8,0.411,True
2026-04-04,weekend,10,临平,0,2008,0.94,34.2,0.502,True
2026-04-04,weekend,10,南苑,1,2264,0.98,32.9,0.566,True
2026-04-04,weekend,10,余杭高铁站,2,2367,1.08,34.0,0.592,True
2026-04-04,weekend,10,乔司,3,2357,1.35,33.4,0.589,True
2026-04-04,weekend,10,翁梅,4,2287,1.04,34.7,0.572,True
2026-04-04,weekend,10,客运中心,5,3174,0.82,29.4,0.793,True
2026-04-04,weekend,10,火车东站,6,4158,1.39,30.3,0.756,True
2026-04-04,weekend,10,闸弄口,7,2074,1.2,34.6,0.518,True
2026-04-04,weekend,10,打铁关,8,2479,0.97,33.9,0.62,True
2026-04-04,weekend,10,西湖文化广场,9,3297,0.73,28.5,0.824,True
2026-04-04,weekend,10,凤起路,10,2654,0.86,31.4,0.663,True
2026-04-04,weekend,10,龙翔桥,11,3386,1.13,28.5,0.847,True
2026-04-04,weekend,10,定安路,12,1986,1.01,34.2,0.496,True
2026-04-04,weekend,10,城站,13,3414,1.34,33.2,0.621,True
2026-04-04,weekend,11,临平,0,2882,0.8,30.6,0.721,True
2026-04-04,weekend,11,南苑,1,2810,1.34,32.5,0.703,True
2026-04-04,weekend,11,余杭高铁站,2,2737,0.99,32.2,0.684,True
2026-04-04,weekend,11,乔司,3,2595,1.27,33.4,0.649,True
2026-04-04,weekend,11,翁梅,4,2908,1.38,32.8,0.727,True
2026-04-04,weekend,11,客运中心,5,3317,1.23,27.9,0.829,True
2026-04-04,weekend,11,火车东站,6,4841,1.43,31.2,0.88,True
2026-04-04,weekend,11,闸弄口,7,2819,1.13,34.2,0.705,True
2026-04-04,weekend,11,打铁关,8,2805,0.78,29.5,0.701,True
2026-04-04,weekend,11,西湖文化广场,9,3746,1.28,26.5,0.936,True
2026-04-04,weekend,11,凤起路,10,3388,1.27,28.8,0.847,True
2026-04-04,weekend,11,龙翔桥,11,4446,1.54,27.1,1.0,True
2026-04-04,weekend,11,定安路,12,2879,0.86,32.2,0.72,True
2026-04-04,weekend,11,城站,13,4372,1.47,28.5,0.795,True
2026-04-04,weekend,12,临平,0,3013,1.13,29.7,0.753,True
2026-04-04,weekend,12,南苑,1,2811,0.95,32.9,0.703,True
2026-04-04,weekend,12,余杭高铁站,2,3122,1.48,30.6,0.78,True
2026-04-04,weekend,12,乔司,3,3294,0.9,30.8,0.824,True
2026-04-04,weekend,12,翁梅,4,2963,1.54,31.2,0.741,True
2026-04-04,weekend,12,客运中心,5,3745,1.32,27.1,0.936,True
2026-04-04,weekend,12,火车东站,6,5269,1.83,28.5,0.958,True
2026-04-04,weekend,12,闸弄口,7,3128,0.86,32.6,0.782,True
2026-04-04,weekend,12,打铁关,8,2973,0.51,29.7,0.743,True
2026-04-04,weekend,12,西湖文化广场,9,3990,0.86,28.8,0.998,True
2026-04-04,weekend,12,凤起路,10,3654,1.41,27.9,0.913,True
2026-04-04,weekend,12,龙翔桥,11,4879,1.04,27.3,1.0,True
2026-04-04,weekend,12,定安路,12,2976,0.92,31.2,0.744,True
2026-04-04,weekend,12,城站,13,4496,1.54,30.7,0.817,True
2026-04-04,weekend,13,临平,0,2912,0.94,32.2,0.728,True
2026-04-04,weekend,13,南苑,1,2810,1.13,31.8,0.703,True
2026-04-04,weekend,13,余杭高铁站,2,2445,1.56,31.3,0.611,True
2026-04-04,weekend,13,乔司,3,2649,0.93,30.1,0.662,True
2026-04-04,weekend,13,翁梅,4,3031,0.92,29.9,0.758,True
2026-04-04,weekend,13,客运中心,5,3475,1.33,31.7,0.869,True
2026-04-04,weekend,13,火车东站,6,5025,1.27,31.0,0.914,True
2026-04-04,weekend,13,闸弄口,7,2811,0.85,31.5,0.703,True
2026-04-04,weekend,13,打铁关,8,2789,1.13,31.6,0.697,True
2026-04-04,weekend,13,西湖文化广场,9,3880,1.83,32.6,0.97,True
2026-04-04,weekend,13,凤起路,10,3349,0.89,28.4,0.837,True
2026-04-04,weekend,13,龙翔桥,11,4552,0.92,27.7,1.0,True
2026-04-04,weekend,13,定安路,12,2828,1.12,30.9,0.707,True
2026-04-04,weekend,13,城站,13,4429,1.62,29.6,0.805,True
2026-04-04,weekend,14,临平,0,2295,0.9,32.3,0.574,True
2026-04-04,weekend,14,南苑,1,2117,1.28,32.8,0.529,True
2026-04-04,weekend,14,余杭高铁站,2,2167,1.24,34.0,0.542,True
2026-04-04,weekend,14,乔司,3,2214,0.74,36.9,0.553,True
2026-04-04,weekend,14,翁梅,4,2301,0.25,35.1,0.575,True
2026-04-04,weekend,14,客运中心,5,2639,0.62,31.0,0.66,True
2026-04-04,weekend,14,火车东站,6,4109,1.24,31.4,0.747,True
2026-04-04,weekend,14,闸弄口,7,1927,1.21,33.8,0.482,True
2026-04-04,weekend,14,打铁关,8,1985,0.99,34.8,0.496,True
2026-04-04,weekend,14,西湖文化广场,9,3062,1.5,31.7,0.765,True
2026-04-04,weekend,14,凤起路,10,2839,1.05,31.6,0.71,True
2026-04-04,weekend,14,龙翔桥,11,3615,1.57,28.7,0.904,True
2026-04-04,weekend,14,定安路,12,2461,1.03,32.6,0.615,True
2026-04-04,weekend,14,城站,13,3333,0.91,30.3,0.606,True
2026-04-04,weekend,15,临平,0,1824,1.18,33.1,0.456,True
2026-04-04,weekend,15,南苑,1,1536,0.99,34.7,0.384,True
2026-04-04,weekend,15,余杭高铁站,2,1731,0.7,36.3,0.433,True
2026-04-04,weekend,15,乔司,3,1421,0.94,38.1,0.355,True
2026-04-04,weekend,15,翁梅,4,1587,0.67,35.6,0.397,True
2026-04-04,weekend,15,客运中心,5,2079,0.79,33.2,0.52,True
2026-04-04,weekend,15,火车东站,6,2993,1.52,32.5,0.544,True
2026-04-04,weekend,15,闸弄口,7,1318,0.38,34.4,0.33,True
2026-04-04,weekend,15,打铁关,8,1473,0.77,33.5,0.368,True
2026-04-04,weekend,15,西湖文化广场,9,2146,0.06,33.8,0.536,True
2026-04-04,weekend,15,凤起路,10,2060,0.55,29.5,0.515,True
2026-04-04,weekend,15,龙翔桥,11,2451,1.2,32.0,0.613,True
2026-04-04,weekend,15,定安路,12,1550,1.2,37.9,0.388,True
2026-04-04,weekend,15,城站,13,2364,0.6,35.1,0.43,True
2026-04-04,weekend,16,临平,0,2056,0.91,33.5,0.514,True
2026-04-04,weekend,16,南苑,1,2120,1.38,33.3,0.53,True
2026-04-04,weekend,16,余杭高铁站,2,1984,1.01,35.1,0.496,True
2026-04-04,weekend,16,乔司,3,2213,0.71,32.7,0.553,True
2026-04-04,weekend,16,翁梅,4,2117,0.77,32.6,0.529,True
2026-04-04,weekend,16,客运中心,5,2834,0.66,31.9,0.709,True
2026-04-04,weekend,16,火车东站,6,3853,1.53,32.2,0.701,True
2026-04-04,weekend,16,闸弄口,7,2432,0.58,34.8,0.608,True
2026-04-04,weekend,16,打铁关,8,2188,1.12,34.8,0.547,True
2026-04-04,weekend,16,西湖文化广场,9,3232,1.16,31.0,0.808,True
2026-04-04,weekend,16,凤起路,10,2633,1.24,30.8,0.658,True
2026-04-04,weekend,16,龙翔桥,11,3590,1.68,32.2,0.897,True
2026-04-04,weekend,16,定安路,12,2366,1.41,33.7,0.592,True
2026-04-04,weekend,16,城站,13,3467,1.78,32.4,0.63,True
2026-04-04,weekend,17,临平,0,2261,1.81,33.5,0.565,True
2026-04-04,weekend,17,南苑,1,2376,1.57,32.1,0.594,True
2026-04-04,weekend,17,余杭高铁站,2,2315,2.16,35.6,0.579,False
2026-04-04,weekend,17,乔司,3,2601,1.64,32.5,0.65,True
2026-04-04,weekend,17,翁梅,4,2371,2.01,31.6,0.593,False
2026-04-04,weekend,17,客运中心,5,3397,2.75,29.3,0.849,False
2026-04-04,weekend,17,火车东站,6,4575,3.26,32.6,0.832,False
2026-04-04,weekend,17,闸弄口,7,2214,1.95,35.2,0.553,True
2026-04-04,weekend,17,打铁关,8,2444,1.82,32.9,0.611,True
2026-04-04,weekend,17,西湖文化广场,9,3362,2.36,28.4,0.841,False
2026-04-04,weekend,17,凤起路,10,2973,1.66,30.2,0.743,True
2026-04-04,weekend,17,龙翔桥,11,4083,2.84,27.4,1.0,False
2026-04-04,weekend,17,定安路,12,2634,2.55,31.0,0.658,False
2026-04-04,weekend,17,城站,13,3930,2.33,30.2,0.715,False
2026-04-04,weekend,18,临平,0,2286,1.95,33.3,0.572,True
2026-04-04,weekend,18,南苑,1,2335,1.84,34.1,0.584,True
2026-04-04,weekend,18,余杭高铁站,2,2132,1.59,30.8,0.533,True
2026-04-04,weekend,18,乔司,3,2307,1.62,34.6,0.577,True
2026-04-04,weekend,18,翁梅,4,2357,1.85,33.1,0.589,True
2026-04-04,weekend,18,客运中心,5,2897,2.18,29.1,0.724,False
2026-04-04,weekend,18,火车东站,6,4188,2.84,31.7,0.761,False
2026-04-04,weekend,18,闸弄口,7,2249,1.94,33.6,0.562,True
2026-04-04,weekend,18,打铁关,8,2343,1.64,34.5,0.586,True
2026-04-04,weekend,18,西湖文化广场,9,3113,2.38,30.0,0.778,False
2026-04-04,weekend,18,凤起路,10,2640,2.26,30.3,0.66,False
2026-04-04,weekend,18,龙翔桥,11,3271,2.38,31.2,0.818,False
2026-04-04,weekend,18,定安路,12,2161,2.21,35.5,0.54,False
2026-04-04,weekend,18,城站,13,3519,3.05,32.7,0.64,False
2026-04-04,weekend,19,临平,0,1601,0.62,31.2,0.4,True
2026-04-04,weekend,19,南苑,1,1577,0.58,35.0,0.394,True
2026-04-04,weekend,19,余杭高铁站,2,1143,1.0,36.3,0.286,True
2026-04-04,weekend,19,乔司,3,1427,0.44,34.5,0.357,True
2026-04-04,weekend,19,翁梅,4,1389,0.49,33.7,0.347,True
2026-04-04,weekend,19,客运中心,5,1939,0.79,35.5,0.485,True
2026-04-04,weekend,19,火车东站,6,2466,0.86,33.3,0.448,True
2026-04-04,weekend,19,闸弄口,7,1567,0.8,36.6,0.392,True
2026-04-04,weekend,19,打铁关,8,1792,0.86,35.4,0.448,True
2026-04-04,weekend,19,西湖文化广场,9,2010,0.86,34.0,0.502,True
2026-04-04,weekend,19,凤起路,10,2140,0.59,33.4,0.535,True
2026-04-04,weekend,19,龙翔桥,11,2429,0.76,33.2,0.607,True
2026-04-04,weekend,19,定安路,12,1518,0.84,34.4,0.38,True
2026-04-04,weekend,19,城站,13,2384,0.7,34.2,0.433,True
2026-04-04,weekend,20,临平,0,938,1.11,36.1,0.234,True
2026-04-04,weekend,20,南苑,1,905,0.66,38.9,0.226,True
2026-04-04,weekend,20,余杭高铁站,2,828,1.17,39.8,0.207,True
2026-04-04,weekend,20,乔司,3,665,0.53,36.9,0.166,True
2026-04-04,weekend,20,翁梅,4,799,0.11,35.1,0.2,True
2026-04-04,weekend,20,客运中心,5,1208,0.84,37.5,0.302,True
2026-04-04,weekend,20,火车东站,6,1325,0.45,36.8,0.241,True
2026-04-04,weekend,20,闸弄口,7,1019,0.73,37.2,0.255,True
2026-04-04,weekend,20,打铁关,8,988,0.81,37.3,0.247,True
2026-04-04,weekend,20,西湖文化广场,9,1200,0.68,38.8,0.3,True
2026-04-04,weekend,20,凤起路,10,958,0.48,38.2,0.239,True
2026-04-04,weekend,20,龙翔桥,11,1440,0.65,36.8,0.36,True
2026-04-04,weekend,20,定安路,12,973,0,34.5,0.243,True
2026-04-04,weekend,20,城站,13,1277,0.48,39.7,0.232,True
2026-04-04,weekend,21,临平,0,548,0.58,38.4,0.137,True
2026-04-04,weekend,21,南苑,1,443,0.4,38.9,0.111,True
2026-04-04,weekend,21,余杭高铁站,2,650,0.17,38.4,0.163,True
2026-04-04,weekend,21,乔司,3,432,0.61,37.6,0.108,True
2026-04-04,weekend,21,翁梅,4,521,0.28,38.4,0.13,True
2026-04-04,weekend,21,客运中心,5,610,0.12,38.8,0.152,True
2026-04-04,weekend,21,火车东站,6,478,0.48,36.7,0.087,True
2026-04-04,weekend,21,闸弄口,7,538,0.51,39.6,0.135,True
2026-04-04,weekend,21,打铁关,8,469,0.53,40.3,0.117,True
2026-04-04,weekend,21,西湖文化广场,9,630,0.62,40.2,0.158,True
2026-04-04,weekend,21,凤起路,10,699,1.23,38.6,0.175,True
2026-04-04,weekend,21,龙翔桥,11,720,0.97,39.2,0.18,True
2026-04-04,weekend,21,定安路,12,459,0.75,38.5,0.115,True
2026-04-04,weekend,21,城站,13,824,0.67,38.0,0.15,True
2026-04-04,weekend,22,临平,0,753,0.79,35.7,0.188,True
2026-04-04,weekend,22,南苑,1,531,0.52,38.9,0.133,True
2026-04-04,weekend,22,余杭高铁站,2,535,0.72,35.8,0.134,True
2026-04-04,weekend,22,乔司,3,264,0.97,39.2,0.066,True
2026-04-04,weekend,22,翁梅,4,700,0.8,37.1,0.175,True
2026-04-04,weekend,22,客运中心,5,396,0.73,39.6,0.099,True
2026-04-04,weekend,22,火车东站,6,1162,0.67,37.6,0.211,True
2026-04-04,weekend,22,闸弄口,7,228,0.36,39.7,0.057,True
2026-04-04,weekend,22,打铁关,8,447,0.33,40.8,0.112,True
2026-04-04,weekend,22,西湖文化广场,9,940,0.37,37.3,0.235,True
2026-04-04,weekend,22,凤起路,10,535,1.05,38.7,0.134,True
2026-04-04,weekend,22,龙翔桥,11,889,0.4,39.3,0.222,True
2026-04-04,weekend,22,定安路,12,455,1.15,40.3,0.114,True
2026-04-04,weekend,22,城站,13,652,0.79,38.9,0.119,True
2026-04-04,weekend,23,临平,0,466,0.82,38.6,0.117,True
2026-04-04,weekend,23,南苑,1,504,0.41,37.4,0.126,True
2026-04-04,weekend,23,余杭高铁站,2,511,0.66,40.1,0.128,True
2026-04-04,weekend,23,乔司,3,296,0.59,41.5,0.074,True
2026-04-04,weekend,23,翁梅,4,398,0.27,37.4,0.1,True
2026-04-04,weekend,23,客运中心,5,768,0.27,37.7,0.192,True
2026-04-04,weekend,23,火车东站,6,799,0.49,37.8,0.145,True
2026-04-04,weekend,23,闸弄口,7,443,0.48,38.6,0.111,True
2026-04-04,weekend,23,打铁关,8,540,0.47,39.1,0.135,True
2026-04-04,weekend,23,西湖文化广场,9,628,0.49,38.2,0.157,True
2026-04-04,weekend,23,凤起路,10,342,0.32,38.0,0.086,True
2026-04-04,weekend,23,龙翔桥,11,646,0.56,37.0,0.162,True
2026-04-04,weekend,23,定安路,12,363,0.88,42.0,0.091,True
2026-04-04,weekend,23,城站,13,899,0.77,39.7,0.163,True
2026-04-05,weekend,6,临平,0,547,0.53,38.5,0.137,True
2026-04-05,weekend,6,南苑,1,449,0,37.4,0.112,True
2026-04-05,weekend,6,余杭高铁站,2,375,0.72,38.2,0.094,True
2026-04-05,weekend,6,乔司,3,230,0.54,39.7,0.058,True
2026-04-05,weekend,6,翁梅,4,615,0.73,41.7,0.154,True
2026-04-05,weekend,6,客运中心,5,519,1.0,39.8,0.13,True
2026-04-05,weekend,6,火车东站,6,804,0.62,37.1,0.146,True
2026-04-05,weekend,6,闸弄口,7,481,0.46,37.9,0.12,True
2026-04-05,weekend,6,打铁关,8,499,0.29,40.2,0.125,True
2026-04-05,weekend,6,西湖文化广场,9,831,0.46,38.8,0.208,True
2026-04-05,weekend,6,凤起路,10,442,0.05,39.1,0.111,True
2026-04-05,weekend,6,龙翔桥,11,881,0.45,38.1,0.22,True
2026-04-05,weekend,6,定安路,12,794,1.56,36.3,0.199,True
2026-04-05,weekend,6,城站,13,798,0.29,42.5,0.145,True
2026-04-05,weekend,7,临平,0,434,1.02,38.8,0.108,True
2026-04-05,weekend,7,南苑,1,341,0.64,36.9,0.085,True
2026-04-05,weekend,7,余杭高铁站,2,404,0.66,39.1,0.101,True
2026-04-05,weekend,7,乔司,3,159,0.58,43.3,0.04,True
2026-04-05,weekend,7,翁梅,4,357,0.81,38.3,0.089,True
2026-04-05,weekend,7,客运中心,5,226,0.34,38.3,0.057,True
2026-04-05,weekend,7,火车东站,6,1027,1.11,37.4,0.187,True
2026-04-05,weekend,7,闸弄口,7,600,0.9,38.0,0.15,True
2026-04-05,weekend,7,打铁关,8,600,0.45,37.9,0.15,True
2026-04-05,weekend,7,西湖文化广场,9,887,0.39,36.2,0.222,True
2026-04-05,weekend,7,凤起路,10,623,0.94,37.6,0.156,True
2026-04-05,weekend,7,龙翔桥,11,864,0.75,38.9,0.216,True
2026-04-05,weekend,7,定安路,12,529,1.36,39.7,0.132,True
2026-04-05,weekend,7,城站,13,832,1.42,37.0,0.151,True
2026-04-05,weekend,8,临平,0,790,0.45,38.9,0.198,True
2026-04-05,weekend,8,南苑,1,1082,1.0,34.9,0.271,True
2026-04-05,weekend,8,余杭高铁站,2,1002,0.88,36.2,0.251,True
2026-04-05,weekend,8,乔司,3,1065,1.03,36.5,0.266,True
2026-04-05,weekend,8,翁梅,4,1075,1.32,35.2,0.269,True
2026-04-05,weekend,8,客运中心,5,1310,0.76,37.6,0.328,True
2026-04-05,weekend,8,火车东站,6,1574,1.29,35.4,0.286,True
2026-04-05,weekend,8,闸弄口,7,667,1.42,38.2,0.167,True
2026-04-05,weekend,8,打铁关,8,739,1.12,39.6,0.185,True
2026-04-05,weekend,8,西湖文化广场,9,1215,1.44,37.8,0.304,True
2026-04-05,weekend,8,凤起路,10,1009,1.2,36.8,0.252,True
2026-04-05,weekend,8,龙翔桥,11,1185,0.83,37.1,0.296,True
2026-04-05,weekend,8,定安路,12,727,0.93,37.4,0.182,True
2026-04-05,weekend,8,城站,13,1396,1.42,37.4,0.254,True
2026-04-05,weekend,9,临平,0,1417,0.74,35.2,0.354,True
2026-04-05,weekend,9,南苑,1,1497,0.28,35.5,0.374,True
2026-04-05,weekend,9,余杭高铁站,2,1515,0.92,33.8,0.379,True
2026-04-05,weekend,9,乔司,3,1397,0.67,35.0,0.349,True
2026-04-05,weekend,9,翁梅,4,1277,0.43,36.2,0.319,True
2026-04-05,weekend,9,客运中心,5,1956,0.94,32.8,0.489,True
2026-04-05,weekend,9,火车东站,6,2686,0.98,33.4,0.488,True
2026-04-05,weekend,9,闸弄口,7,1321,0.61,37.1,0.33,True
2026-04-05,weekend,9,打铁关,8,1432,0.75,34.2,0.358,True
2026-04-05,weekend,9,西湖文化广场,9,2462,0.31,29.6,0.616,True
2026-04-05,weekend,9,凤起路,10,1673,0.89,37.6,0.418,True
2026-04-05,weekend,9,龙翔桥,11,2413,1.07,34.1,0.603,True
2026-04-05,weekend,9,定安路,12,1474,0.21,36.0,0.368,True
2026-04-05,weekend,9,城站,13,2222,1.6,34.1,0.404,True
2026-04-05,weekend,10,临平,0,2367,0.57,35.2,0.592,True
2026-04-05,weekend,10,南苑,1,2198,1.19,34.5,0.549,True
2026-04-05,weekend,10,余杭高铁站,2,2280,0.99,32.2,0.57,True
2026-04-05,weekend,10,乔司,3,2154,0.7,33.4,0.538,True
2026-04-05,weekend,10,翁梅,4,1937,0.94,35.7,0.484,True
2026-04-05,weekend,10,客运中心,5,3012,1.5,31.2,0.753,True
2026-04-05,weekend,10,火车东站,6,3898,1.2,32.1,0.709,True
2026-04-05,weekend,10,闸弄口,7,2286,1.06,31.1,0.572,True
2026-04-05,weekend,10,打铁关,8,2385,1.12,34.3,0.596,True
2026-04-05,weekend,10,西湖文化广场,9,3057,1.03,33.7,0.764,True
2026-04-05,weekend,10,凤起路,10,2453,0.48,35.6,0.613,True
2026-04-05,weekend,10,龙翔桥,11,3521,1.08,28.6,0.88,True
2026-04-05,weekend,10,定安路,12,1877,1.44,35.4,0.469,True
2026-04-05,weekend,10,城站,13,3344,1.42,31.3,0.608,True
2026-04-05,weekend,11,临平,0,2838,1.39,28.2,0.71,True
2026-04-05,weekend,11,南苑,1,2858,1.3,31.6,0.715,True
2026-04-05,weekend,11,余杭高铁站,2,2636,0.98,31.4,0.659,True
2026-04-05,weekend,11,乔司,3,2823,0.9,32.7,0.706,True
2026-04-05,weekend,11,翁梅,4,2691,0.88,33.7,0.673,True
2026-04-05,weekend,11,客运中心,5,3576,1.37,27.3,0.894,True
2026-04-05,weekend,11,火车东站,6,5212,1.11,28.8,0.948,True
2026-04-05,weekend,11,闸弄口,7,2735,0.82,31.4,0.684,True
2026-04-05,weekend,11,打铁关,8,2954,1.61,30.8,0.739,True
2026-04-05,weekend,11,西湖文化广场,9,3823,0.7,31.1,0.956,True
2026-04-05,weekend,11,凤起路,10,3163,0.86,30.7,0.791,True
2026-04-05,weekend,11,龙翔桥,11,4541,1.87,31.3,1.0,True
2026-04-05,weekend,11,定安路,12,2882,0.93,30.4,0.721,True
2026-04-05,weekend,11,城站,13,4127,1.57,32.4,0.75,True
2026-04-05,weekend,12,临平,0,3092,0.55,29.9,0.773,True
2026-04-05,weekend,12,南苑,1,3218,0.98,30.2,0.804,True
2026-04-05,weekend,12,余杭高铁站,2,3409,1.16,31.9,0.852,True
2026-04-05,weekend,12,乔司,3,3275,1.38,29.5,0.819,True
2026-04-05,weekend,12,翁梅,4,2657,0.77,33.0,0.664,True
2026-04-05,weekend,12,客运中心,5,3988,1.65,26.4,0.997,True
2026-04-05,weekend,12,火车东站,6,5429,0.97,26.8,0.987,True
2026-04-05,weekend,12,闸弄口,7,3079,0.46,32.0,0.77,True
2026-04-05,weekend,12,打铁关,8,3274,0.72,29.8,0.819,True
2026-04-05,weekend,12,西湖文化广场,9,4457,1.54,28.6,1.0,True
2026-04-05,weekend,12,凤起路,10,3616,0.81,28.9,0.904,True
2026-04-05,weekend,12,龙翔桥,11,4992,1.52,29.1,1.0,True
2026-04-05,weekend,12,定安路,12,2945,0.83,30.5,0.736,True
2026-04-05,weekend,12,城站,13,4342,0.96,30.5,0.789,True
2026-04-05,weekend,13,临平,0,2735,0.76,32.8,0.684,True
2026-04-05,weekend,13,南苑,1,2629,1.15,32.9,0.657,True
2026-04-05,weekend,13,余杭高铁站,2,3019,1.21,32.1,0.755,True
2026-04-05,weekend,13,乔司,3,2780,0.63,32.9,0.695,True
2026-04-05,weekend,13,翁梅,4,3021,1.07,34.1,0.755,True
2026-04-05,weekend,13,客运中心,5,3738,1.85,28.5,0.934,True
2026-04-05,weekend,13,火车东站,6,4852,1.49,28.3,0.882,True
2026-04-05,weekend,13,闸弄口,7,2799,0.99,31.8,0.7,True
2026-04-05,weekend,13,打铁关,8,2755,0.76,30.9,0.689,True
2026-04-05,weekend,13,西湖文化广场,9,4067,1.29,26.0,1.0,True
2026-04-05,weekend,13,凤起路,10,3020,1.01,31.4,0.755,True
2026-04-05,weekend,13,龙翔桥,11,4253,0.81,28.8,1.0,True
2026-04-05,weekend,13,定安路,12,3248,1.41,28.8,0.812,True
2026-04-05,weekend,13,城站,13,4136,1.29,29.1,0.752,True
2026-04-05,weekend,14,临平,0,1967,0.85,35.3,0.492,True
2026-04-05,weekend,14,南苑,1,2216,0.74,34.1,0.554,True
2026-04-05,weekend,14,余杭高铁站,2,2256,0.66,31.4,0.564,True
2026-04-05,weekend,14,乔司,3,2275,1.3,33.8,0.569,True
2026-04-05,weekend,14,翁梅,4,2355,1.41,30.6,0.589,True
2026-04-05,weekend,14,客运中心,5,2903,1.48,33.0,0.726,True
2026-04-05,weekend,14,火车东站,6,4135,1.15,32.0,0.752,True
2026-04-05,weekend,14,闸弄口,7,2294,0.78,33.4,0.574,True
2026-04-05,weekend,14,打铁关,8,1978,0.64,34.6,0.494,True
2026-04-05,weekend,14,西湖文化广场,9,3207,1.14,32.7,0.802,True
2026-04-05,weekend,14,凤起路,10,2837,0.77,31.3,0.709,True
2026-04-05,weekend,14,龙翔桥,11,3409,1.43,30.9,0.852,True
2026-04-05,weekend,14,定安路,12,2059,1.19,31.8,0.515,True
2026-04-05,weekend,14,城站,13,3444,0.46,32.2,0.626,True
2026-04-05,weekend,15,临平,0,1410,0.98,36.2,0.352,True
2026-04-05,weekend,15,南苑,1,1187,0.33,35.6,0.297,True
2026-04-05,weekend,15,余杭高铁站,2,1693,1.33,35.9,0.423,True
2026-04-05,weekend,15,乔司,3,1729,0.62,35.4,0.432,True
2026-04-05,weekend,15,翁梅,4,1535,0.48,34.9,0.384,True
2026-04-05,weekend,15,客运中心,5,1917,1.02,35.0,0.479,True
2026-04-05,weekend,15,火车东站,6,2647,0.87,31.4,0.481,True
2026-04-05,weekend,15,闸弄口,7,1592,0.79,35.2,0.398,True
2026-04-05,weekend,15,打铁关,8,1598,0.67,33.8,0.4,True
2026-04-05,weekend,15,西湖文化广场,9,2032,0.8,34.2,0.508,True
2026-04-05,weekend,15,凤起路,10,1728,0.71,32.8,0.432,True
2026-04-05,weekend,15,龙翔桥,11,2364,0.45,31.9,0.591,True
2026-04-05,weekend,15,定安路,12,1597,0.87,35.0,0.399,True
2026-04-05,weekend,15,城站,13,2240,1.22,33.3,0.407,True
2026-04-05,weekend,16,临平,0,2272,0.74,33.6,0.568,True
2026-04-05,weekend,16,南苑,1,2183,0.77,33.9,0.546,True
2026-04-05,weekend,16,余杭高铁站,2,2109,0.56,33.0,0.527,True
2026-04-05,weekend,16,乔司,3,2018,0.95,33.0,0.504,True
2026-04-05,weekend,16,翁梅,4,2016,1.01,34.6,0.504,True
2026-04-05,weekend,16,客运中心,5,2840,0.98,32.8,0.71,True
2026-04-05,weekend,16,火车东站,6,3930,1.36,29.7,0.715,True
2026-04-05,weekend,16,闸弄口,7,2289,0.91,33.9,0.572,True
2026-04-05,weekend,16,打铁关,8,2165,0.71,31.7,0.541,True
2026-04-05,weekend,16,西湖文化广场,9,3057,0.97,28.9,0.764,True
2026-04-05,weekend,16,凤起路,10,2835,1.37,28.4,0.709,True
2026-04-05,weekend,16,龙翔桥,11,3209,0.69,30.6,0.802,True
2026-04-05,weekend,16,定安路,12,2608,0.67,31.7,0.652,True
2026-04-05,weekend,16,城站,13,3509,1.05,34.0,0.638,True
2026-04-05,weekend,17,临平,0,2640,2.08,33.4,0.66,False
2026-04-05,weekend,17,南苑,1,2640,1.66,31.8,0.66,True
2026-04-05,weekend,17,余杭高铁站,2,2405,1.95,31.0,0.601,True
2026-04-05,weekend,17,乔司,3,2350,1.93,32.9,0.588,True
2026-04-05,weekend,17,翁梅,4,2707,2.19,34.0,0.677,False
2026-04-05,weekend,17,客运中心,5,3446,2.91,24.4,0.862,False
2026-04-05,weekend,17,火车东站,6,4384,3.27,28.5,0.797,False
2026-04-05,weekend,17,闸弄口,7,2420,2.15,32.8,0.605,False
2026-04-05,weekend,17,打铁关,8,2447,2.49,32.0,0.612,False
2026-04-05,weekend,17,西湖文化广场,9,3666,2.68,29.2,0.916,False
2026-04-05,weekend,17,凤起路,10,2946,2.02,30.8,0.737,False
2026-04-05,weekend,17,龙翔桥,11,3795,2.96,28.8,0.949,False
2026-04-05,weekend,17,定安路,12,2433,2.2,31.1,0.608,False
2026-04-05,weekend,17,城站,13,3454,2.7,30.4,0.628,False
2026-04-05,weekend,18,临平,0,1996,1.75,35.5,0.499,True
2026-04-05,weekend,18,南苑,1,2089,1.49,36.0,0.522,True
2026-04-05,weekend,18,余杭高铁站,2,1994,1.95,34.7,0.498,True
2026-04-05,weekend,18,乔司,3,2097,1.72,32.4,0.524,True
2026-04-05,weekend,18,翁梅,4,2106,1.72,32.6,0.526,True
2026-04-05,weekend,18,客运中心,5,2620,2.29,31.2,0.655,False
2026-04-05,weekend,18,火车东站,6,4090,2.91,35.3,0.744,False
2026-04-05,weekend,18,闸弄口,7,2289,1.47,31.1,0.572,True
2026-04-05,weekend,18,打铁关,8,2071,1.61,31.3,0.518,True
2026-04-05,weekend,18,西湖文化广场,9,2919,2.26,28.9,0.73,False
2026-04-05,weekend,18,凤起路,10,2632,2.15,30.6,0.658,False
2026-04-05,weekend,18,龙翔桥,11,3620,2.7,30.8,0.905,False
2026-04-05,weekend,18,定安路,12,2305,1.82,32.9,0.576,True
2026-04-05,weekend,18,城站,13,3378,2.64,30.1,0.614,False
2026-04-05,weekend,19,临平,0,1655,0.66,36.7,0.414,True
2026-04-05,weekend,19,南苑,1,1543,0.61,35.4,0.386,True
2026-04-05,weekend,19,余杭高铁站,2,1732,0.62,32.2,0.433,True
2026-04-05,weekend,19,乔司,3,1477,1.17,38.0,0.369,True
2026-04-05,weekend,19,翁梅,4,1671,0.2,34.6,0.418,True
2026-04-05,weekend,19,客运中心,5,1899,0.83,32.7,0.475,True
2026-04-05,weekend,19,火车东站,6,2688,0.68,37.6,0.489,True
2026-04-05,weekend,19,闸弄口,7,1525,0.65,33.6,0.381,True
2026-04-05,weekend,19,打铁关,8,1660,1.01,36.8,0.415,True
2026-04-05,weekend,19,西湖文化广场,9,2174,0.79,32.4,0.543,True
2026-04-05,weekend,19,凤起路,10,1704,0.72,35.9,0.426,True
2026-04-05,weekend,19,龙翔桥,11,2343,1.05,34.1,0.586,True
2026-04-05,weekend,19,定安路,12,1448,1.08,36.3,0.362,True
2026-04-05,weekend,19,城站,13,2331,0.96,35.2,0.424,True
2026-04-05,weekend,20,临平,0,682,0.38,38.3,0.171,True
2026-04-05,weekend,20,南苑,1,945,0.62,37.9,0.236,True
2026-04-05,weekend,20,余杭高铁站,2,776,0.42,37.7,0.194,True
2026-04-05,weekend,20,乔司,3,869,0.47,36.5,0.217,True
2026-04-05,weekend,20,翁梅,4,737,0.7,35.6,0.184,True
2026-04-05,weekend,20,客运中心,5,1096,0.8,37.0,0.274,True
2026-04-05,weekend,20,火车东站,6,1376,0.86,35.3,0.25,True
2026-04-05,weekend,20,闸弄口,7,697,0.88,35.9,0.174,True
2026-04-05,weekend,20,打铁关,8,714,0.47,38.8,0.178,True
2026-04-05,weekend,20,西湖文化广场,9,920,0.51,35.6,0.23,True
2026-04-05,weekend,20,凤起路,10,1222,0.66,35.6,0.305,True
2026-04-05,weekend,20,龙翔桥,11,1315,1.02,32.9,0.329,True
2026-04-05,weekend,20,定安路,12,649,0.7,37.1,0.162,True
2026-04-05,weekend,20,城站,13,1001,0.49,38.1,0.182,True
2026-04-05,weekend,21,临平,0,548,1.2,35.9,0.137,True
2026-04-05,weekend,21,南苑,1,277,0.19,40.6,0.069,True
2026-04-05,weekend,21,余杭高铁站,2,365,0.12,40.1,0.091,True
2026-04-05,weekend,21,乔司,3,388,0.91,39.2,0.097,True
2026-04-05,weekend,21,翁梅,4,400,0.85,40.0,0.1,True
2026-04-05,weekend,21,客运中心,5,875,0.55,36.9,0.219,True
2026-04-05,weekend,21,火车东站,6,1120,1.06,37.9,0.204,True
2026-04-05,weekend,21,闸弄口,7,372,0.26,36.7,0.093,True
2026-04-05,weekend,21,打铁关,8,351,0.51,37.2,0.088,True
2026-04-05,weekend,21,西湖文化广场,9,808,0,36.4,0.202,True
2026-04-05,weekend,21,凤起路,10,497,0.78,39.3,0.124,True
2026-04-05,weekend,21,龙翔桥,11,615,0.69,36.6,0.154,True
2026-04-05,weekend,21,定安路,12,543,0.24,38.6,0.136,True
2026-04-05,weekend,21,城站,13,970,1.31,39.5,0.176,True
2026-04-05,weekend,22,临平,0,345,0.41,37.6,0.086,True
2026-04-05,weekend,22,南苑,1,408,0.06,37.8,0.102,True
2026-04-05,weekend,22,余杭高铁站,2,667,1.3,38.6,0.167,True
2026-04-05,weekend,22,乔司,3,530,0.81,36.0,0.133,True
2026-04-05,weekend,22,翁梅,4,373,0.82,38.5,0.093,True
2026-04-05,weekend,22,客运中心,5,594,0.88,35.4,0.148,True
2026-04-05,weekend,22,火车东站,6,1075,0.47,38.5,0.195,True
2026-04-05,weekend,22,闸弄口,7,500,0.82,40.0,0.125,True
2026-04-05,weekend,22,打铁关,8,348,0.82,39.7,0.087,True
2026-04-05,weekend,22,西湖文化广场,9,913,0.52,39.0,0.228,True
2026-04-05,weekend,22,凤起路,10,709,0.51,39.4,0.177,True
2026-04-05,weekend,22,龙翔桥,11,744,0.92,37.6,0.186,True
2026-04-05,weekend,22,定安路,12,516,0.62,40.0,0.129,True
2026-04-05,weekend,22,城站,13,736,0.82,39.3,0.134,True
2026-04-05,weekend,23,临平,0,371,0.85,41.1,0.093,True
2026-04-05,weekend,23,南苑,1,576,0.74,37.0,0.144,True
2026-04-05,weekend,23,余杭高铁站,2,693,0.18,38.1,0.173,True
2026-04-05,weekend,23,乔司,3,732,0.44,38.6,0.183,True
2026-04-05,weekend,23,翁梅,4,391,0.78,36.7,0.098,True
2026-04-05,weekend,23,客运中心,5,588,0.43,38.4,0.147,True
2026-04-05,weekend,23,火车东站,6,644,1.08,39.1,0.117,True
2026-04-05,weekend,23,闸弄口,7,426,1.03,38.7,0.106,True
2026-04-05,weekend,23,打铁关,8,538,0.69,40.8,0.135,True
2026-04-05,weekend,23,西湖文化广场,9,723,0.32,38.0,0.181,True
2026-04-05,weekend,23,凤起路,10,662,0.62,37.0,0.166,True
2026-04-05,weekend,23,龙翔桥,11,678,0.13,38.7,0.17,True
2026-04-05,weekend,23,定安路,12,374,0.38,39.6,0.093,True
2026-04-05,weekend,23,城站,13,911,0.37,37.5,0.166,True
